004db5733a666878f2aabb6fdfde6951c5d08836.png,C9YKW6VD
0075de7833f6c31fcfa165de2b465a29a2e3a408.png,U57TRWIF
00a53f3331a780f85a0de37ecd903db9bb7a9fb8.png,PS8F8GR2
00fdca3ce69b787d49231efa9925232bd0b482e8.png,Q5PU1FD4
01144876de4edb06e0ac96657d48a9778bfa8924.png,8C6M98R4
0137c4ce201415f4a035b74ee583e82639f9da8c.png,ROGZJY7V
015267f6c619d3a79cc9fec98e36180902d2ef18.png,ITVXP7NP
01ce92be9ff0e582bbb0a55159fd53f97638a1b4.png,GVRD56AR
0216b123a9d01f29d22ad29538e93d83f451990f.png,2Z7FNVI6
0226b33d8133911e6044a6e87f9bc5aa5abbdb41.png,OBFEVFCC
026af0123953e62ae60f6aefbe2fbf52ac3e0ade.png,L40WK2SR
026d85fb1003a2b57974ab0b64279b819622b5c0.png,CIM5RK3O
03236bb359072526c255d766a5bf4e8cf48a8011.png,ZNLZ07WK
03e15dbbae544778ae62c37018456865b6586d88.png,VG8T6ESJ
048e343fa591e582b88560cce5c169943b81fe20.png,GODJLVEX
04c693d2ffca2ea8ebb4efdceee06cdf09050c61.png,TNT0HQK8
04d0052bb7f79c642e2939e2eacc7d46fcdb7eb8.png,3DU8XF00
050e0d17a5b553f6c2e837059b92f79a5e5bf037.png,WBW4V1PS
053c14a7843590020792dcef8dfcb462870de424.png,9LYCDB3Q
056a698a8e10c4268afac0a48ec243d16bb22ff9.png,1MQ8BP3G
056f222237ca21efff474de2e936fe0ddcf32feb.png,NVXZ4MYN
0582cc6ceaf2cb572ccbd4a2c83ca8b950cb960b.png,ET4GDXDP
0655e7c47558f05f1987e1d78849cfe4a04a902a.png,IPPSP3R5
06e0354f01249686e1bb786145304d6c08c69aa5.png,3AIS386M
070d7a5b092d60e6b5446a07bbbb7742da386c1e.png,M6QSD9L3
07140f79d2358b1a7734e3c6b664cfc6e5ebfe11.png,OBEBAKHK
079a71fe06b5982a1447272f3c0ff8529c04fe62.png,VGWOMHJC
07adb4f8b05e7bda99db1dcf1c30cad70430fb4f.png,EKM5Y260
0875dd71d52aa56dde837027caf5319e455bbabe.png,7D9OG6Y4
088b2d907ba9ed2e42c6c834c39521022af4a725.png,6106NN8I
08c4e60e685a692c434c1e4cfe825972f7c9be27.png,NZ7TKH3F
08f13b23b6db3c3b04a314eca0df7bb2d6ddafcf.png,7NKUFVTZ
090c6a75cfbfa8d40bd6fbc8dff19e2f6521a598.png,DUJPCX2Z
09ae31deda6377a64b89d5105889fe94f3df5e64.png,Q12TYUNB
0a8df49900434c196152634168d2040e67d0e448.png,1MFY4HHC
0aaf205c718dbe4c2ec64371fe0c9d70724295fe.png,TC6FB72Y
0b09c348839d5453da2155e8d8d92153c7dac890.png,0DR0EBLH
0b0d2615636a2e98bb9888871acd4415e7504e82.png,XOAFMB73
0c873199e25b9279c76b58970f2253fb743590d9.png,NM6JFI59
0df462ba4693631e85b9e1a0a768eea9dca50ddf.png,A8FGUXD3
0e6311ab12de3e93eafbd13fdf61154eb7c8ffd2.png,PIJEPTG5
0e769f8e6d092151d6821c47a9866f01fdbe3e5d.png,AKOQ2T0N
0f1e1144a5f939b541cbe9f3514b71ac45f78873.png,39EGSIHB
0fddcd4900e54c641eaa486ed27ff1c1436ce566.png,FEHHI78A
1039bd3e4ccf60716c093f782db7040fb0a44fbe.png,Z5SUQVW8
110bd8e176e54871b77a712dd77022a986bf1683.png,QP516YJ2
1120376a8d543e69ff845df3acf847ce7b65fd69.png,VNS3QJQG
11e6e1f0b6568aa45c798999cd33e003c6b995a3.png,0VQFO5CN
1237fdb53619dbd81ad27c5ff396cd97077e64f2.png,VF6TVABG
12859bd33201f794701cdc22a45c10289c90ddd1.png,KAXSYHEF
12a6e254315fbfdcc72b82ccffb5031fbcd5efb0.png,P2DD45W5
12d956cc82700acc8ecd3340bcb99ad81e7d58c1.png,SRB79QO1
12f6bdc35c18f84cb73f7c7ca2d84b6a62f26565.png,1XSNJR21
12f6c4be178e8e623bf8ecb0987338bed1c77fae.png,IQ5UTPUO
149ca64fab629f505483eb42d1804516d129c972.png,JL347HAL
153912f207e654a9e6a0fb98aaa8933d574d70bc.png,N0G7BZL0
1548141c9e3dfad3ac442f30f76cb867d7be7ecf.png,63YYH2YO
15522592263f3649fc733b5400998bacc5123a34.png,HXLQD697
15693ad16c9b7a846787942d5f6595123a408e4d.png,VY5P694R
159c4cde1b9ad5d043aec81d53916460b81be1f1.png,B02EQO1O
15a251cd1d150d300871b231d5ccbe4f14009539.png,EXIO779B
164d35998c63ae3bfa15f3a7e15a0cc76076f055.png,DF48B4XH
168de6fae73b994463a2bd40e6bb2de4cbb2be5d.png,F8WS3E1I
16ce7e020ecb69aadcec0cc1efefc214ffd2678f.png,6Y5HESTP
16e926f58e86ce72c47158ff42b9a08d01d7ac98.png,GAVPIB8J
170de626b110c8e0ddb20bf5f06ed14deb3e3dd8.png,N75RJRNJ
179bc3daa6639a4bd30895e155847dfee22653c8.png,H6Z4IC5J
18076ddd3377dfa730a0be5dbfdf19cec2f97b52.png,W9FQXCXZ
19869a09c78ef8e0216fc230e54d07bafacfb41b.png,CVMJE8TD
19bc0d1aec1a25077f0ef2e99efe751dced73c94.png,OE2H3IPH
19db5ff1c55a542e20700733829462e310cf1309.png,BWXV1VIH
19eb0c63ab59082eb7f07645e2d62cdbfeab9351.png,3FWHDZT6
1a63d51a6e617b26ae27ce6d84f8ad63ff2db63c.png,HDCLT13F
1ab1c4759b5eb27c2fd0fe78f155ddefaf874d5f.png,GGSLFM2L
1b369e9612b6df633ae4f6ceff6c2d5e96a0302a.png,1HELT89Z
1bafd7464775f449ebb152de967bec73cd220a67.png,WKA7P8E6
1bdd531225605b8111168d2ec3e345a8c732f3e8.png,OECWOE0P
1c2aad7a3c337052e3bea7e7974850e880478775.png,PLBVSZQC
1c66b43ded05707bec38738c95b2f7486a866959.png,TT5DEUR7
1c896732bc005292ba675a2165236e0aaa09dc1d.png,G6UN0HSC
1caad9ea6d74bacf5d6c29309cebef3550fb3daa.png,8OL5WY90
1caffa1ec653ef0254e6e5649efab0c98b1b29c7.png,QMO4X83Y
1cdce709c122996c41ee804ed95e4d39e6d8f478.png,RIBY5A15
1d508450a2a14014da69d2c34bd665bad2915ac2.png,U3M549V3
1dd0f53d9addca5119c0c95498ccc979cf17e452.png,WSY48EFL
1e1ec2568ed5201d4e64aed2de6338c25270a39b.png,H9KT8JQV
1e2a473fa88d374df0cb641e676f9a810c79ca89.png,QNLUNALY
1e577e4f763bdf22e3c111cb54094d997bfe423c.png,HJIXW6KB
1e72b031418cb8f58e8c4b6cd276e24ec1a95482.png,VCC74QTB
1eaa055d4535ac5a4a672a716db170da07e2bdef.png,O7U65BHK
1fa6e5f5512f541a7a24822affef076d18f822d2.png,XVZMBQ0D
20bf7a3744fd412e97a09fa00fb746b1344acb6b.png,7T3BWQ6D
20ed56b8334f48c564e7b8b42bf47c4ab7a62312.png,5I8J2YPG
21509332cf31907f6ea3c6631cda6c1209884d19.png,IZXSLQYH
21d8ebab00ff30d71769ebcb70ff9f6d62e6dfda.png,POWXY5WR
227ecdfb332263b60787893c85d3728cca9d678d.png,PWJCP0BT
22ad51de1220929755a26cd114a1f4f501a74030.png,7ZUGELID
23204451bbd1bbb1e6dd2a003d4c70505335b7fa.png,DZLXLUR8
2341eb1fd3c729bc93b8da7c2796de79ef3c24a4.png,CE5BBCAO
2355998d8bf4704ff2a3237e4f0fe96e0e5b44b0.png,PHZPIUA2
23e5f15dd1c94f25930cf7b218cd5c266bae9d26.png,XKWJPTNX
2426bf4af83b7d4aa87c783281aae40a7350c6a9.png,V1PTH3QY
2492d73f873f4f89df304b83743b18591e254bdf.png,9GNSZKZB
254421bf1bde611b987881ca0612f4aa16aa6039.png,CFKOLI2A
25fd16a35add139ee4fac92bda157783359eba7d.png,3FVRGS3S
2618afa3e0a219db0586da6002ad5c8c87d0e971.png,8QFV4UKG
2660c80004f4a3ba20eeb4af11f544e60c3fa3eb.png,70ZCZARM
26c99379ec2386f3d1f16465c7265a892523a609.png,WLUVV9LB
27572b292ce1f058aa40114a0318165556cf1a4b.png,H7UX0BOY
277ad048f3361240f947b9ff71740ce116111ffd.png,AQIVM55M
28883a30f78a2552a6fbc905873f9a5771df769c.png,LYPRL2DI
288fac8f398f2f0c096f484763c29d7687424cb0.png,T7OOID18
28be726f0e98ed0f6f099cdd1c0945cf6de608e0.png,JU01W8FC
290eddf4a8d0fa0a6b1a1eb377561e430c83709b.png,9HHA1A6O
29bb8de8fbd15177c2fa7e05c667afed74e00f83.png,PMW5I1YJ
2a2e70290b7aef9a2c3059b769badacf9baebcc5.png,Z3GW3S4V
2a55eed349a63e60301918836b0be60c0617d586.png,GFNJ31BR
2a9e836621ad4495e4b05f7022e6244768d5d342.png,3W0GFDGP
2b192b1f77359d8e5f1cfedf2b6935b0f7c0db01.png,ULHETX2U
2b4d644e59235df77a96f8a7de70696987ea2946.png,6HGXKKOR
2b70121c1d80b69cda9f493d845a91539d046f15.png,USAS8ZZZ
2b91ad6c3a35778e40236836474be2bf68a228d8.png,AY5Z1NES
2c5563d889fb5fd3e742d0a167fc500087ee5528.png,ODSECYJS
2d11042d572f75a0aed950db9b3d267c0781db36.png,OLIF1XOA
2d8e677034089b00210976a0d1c397df8522e8e1.png,QH2USLA0
2dc59515825d001756a2b72b5b5f588a67cffedb.png,7ZIOI6B3
2deb4c967a1d1a4c8bf3808c65be2a93c1ddd310.png,8FY2D1LB
2e05dce5e97c6254cf0c1d26a8faf164899e0a18.png,SGA4R1T5
2e1963bc3730dc5fb321e509fcedd1011ee6b675.png,ZCAK91UR
2eafb4ef69483b7eb90ee63ece188907a58d05e6.png,AJ3MFC88
2f85b51c35ecc4d4de5827313dc3253370758142.png,5VZJ8S15
2fd24f89166982d2b68616456d4f00950f377ccd.png,DVVP3IWX
30123cae3193b7e31e85188fe7ef83a32a123528.png,7AMCYRY9
31c1978fa460deb307c9c62ed79542a83446ae4b.png,X2U0OOWF
31e49ff77bc6e6049d10c0856c1a183ddf5c8cfc.png,2LQJ1AYQ
31f76515a41a098eba86f2947d23e07b5f296b71.png,G6T54B6R
3267917f249777bdeb0cb84afcea64faf3a0c4fb.png,KIB2UMR2
32aec79512033c0661c2df1863dba8da4f2c97cd.png,47UENKC6
32e645b1e9782e186d1b270e111e88685e5dfaac.png,9CMKLT1C
32ef3b7a4ceedff343d1f9d551cb9c71ab26ec0e.png,I8ZLYLOZ
34474ca879c0bc83b257e925916958b596940751.png,8QMRC6T9
346813af8d48ca039ca6df50a170024dd46cd095.png,MTLWU454
3506d28eaa96021f343d566542866b7827ce8a1e.png,8JRZNJU4
353516d385af9eab08867d6f96cee27496f89fd9.png,RCDDY71I
3545f78f0c219a0f2fe2a9f687d0e36ce46ef626.png,N0WYV9AW
35df615ca8fb94f00788cade66e34431ed0df763.png,QEKWTM14
35e327eb8e3c041e8eef730fca1eacb67858e65b.png,X20A7NA2
3605984a082d0d399164c5f0a7eefd05c118d09c.png,N11KMMZM
3618790bb05edf09ac8ea08703ff4413716c85a9.png,6TDOS47U
3694bc6836db46d539629d50665b036df07ad490.png,XHFG3PGI
376c818e259b9aadfff69fd5f640bab238a9fb67.png,IK249Z1M
37e5baa9c97a54c49f8e8b11bfa80878441c977c.png,MYLAC9D0
38043cb9ae7f730f103390ef7a49031cc4f243a1.png,VZ3ON9U1
3812966bcba37c2c8ea408e3d2b3b1689fd598fd.png,S2UNO832
38243d380454238b5a67451909c37fb99251e963.png,6ME5XPVA
39af4b26d2ed77f97c94bf2960171aef6dad6099.png,31TIV3GJ
3a1542a67056dce334b0f886380ee055f58878bf.png,KKL7WY16
3accdd05f54a4be4945a8fb64a9dc0da49fe4498.png,MAA06JDY
3ad49e3b79b7233c91d9367b2e762f2d6e24ea2d.png,E47FASBE
3b2921067204667e6767014f65045ff8d22add09.png,ZPHQ7C4G
3cacf1d7f5c3d8be3450c7a61b142f86fd7b2e57.png,6QAB0KMV
3ccfb32eeb53af60dc71f2fcea60e04f0517cd73.png,3MH97XMH
3e2ff64d8d488654aa93f42b4e35ad6919109cdb.png,29VALJ3X
3eafd532e2331adf8409db044e6f30b6f738b99c.png,OKHRT4ZN
3f298c4ce3fc7b296a0291ded0cc72d4e013b75b.png,GWFOEOCX
3fe3134967d9216bb57bc9296fea1048bc9b2a72.png,SA2SL120
3ff093e2c2d98cc950355fcf610433b038b2b991.png,9RSBPE2D
4160e808ba3dbaf36538e8e89573f0e1f53b70db.png,YF6M8KUP
41dcd91efeb4b6c814e849e2f765dd607e341aee.png,RPXLEVV1
41de15b37d0c7b6ea0727d61df7b093c48e9dd61.png,5WYUT11E
43585ae74152b7effe61bc1f3665122f063b7995.png,N5185RW0
436300fd1e86997d3d6ca04e979ff610fa6ada28.png,GCAPGNK1
436c5fbbcc4fb1ec7da9c89a4ad6910a8b658f30.png,T8G6ZCNQ
44447d6946fdf4d0cb6b136532c75c845f213bde.png,5GOPH5SP
4484e84639618052a92857fe1399c4d1c6f8156b.png,YIUO7A0J
44a85f1882328ff67287157415bfaaf724757593.png,6DZVG0AV
44b83a46cc3037ed49221bddc4245c73b4b7a131.png,M5Y6GS9P
44cddc255c4861d4da52c5f7444bbe55e8802799.png,1DEOOMCV
45a9b60303d79044f81b5b3ce6f9b66b9a991a96.png,QJL6OHO5
45d614b13a58abeb25e657e03f274701a141ae32.png,R8R9V1D3
4629a692b81dba38c78fc08a074c8405256fa259.png,X1C8UQFK
462d57276d6c21cb5265674cfeaeb41f1686ac67.png,YSJI004H
4713febf8c8337da812c7cf7dd5d43284cb13307.png,O3I9H14S
482824adc01497b400dcea661761b36304894a47.png,V1C2FA84
48bbc301bb10c48fea3b6900a0d4784c2912514a.png,9IKC03N1
4901f4498e9c61335dd88061085d87b2bb61b9c5.png,SQOMMB73
49029c00d166f22897b60eea66bfffa89cc01f8e.png,H2OH8HNW
49149570f059acde52df2fd87b960eafbffd5411.png,TQ1NJH6N
499d516a4fa3077770111d7e143ad50cccd66a1f.png,1U42HT45
49ad9e92447e56a539fd074603589010346ed96b.png,DYI1KJKD
49fc48a82194bc03f6f437b2660159981a940542.png,T01DPBON
4b468f0c191dbc0fd5dfbf7918e089e34337929f.png,7PTLBSHF
4b67d42ca9e1241ec1de8601f73a47d80bb44855.png,IQUXNC9B
4c679290fa14b63bd70a98189540d651dfc672ea.png,AEDLSWHW
4caff9b319c18ef5f04db332b865d98ce365ff5a.png,65M5JDYT
4d1793f66644d34133242426b533eb3b36760e64.png,Q7YZA0BL
4d18b4b8f8b04940aa7e75cb48acf6ad08095c8e.png,MT9FADOH
4d2d410ad8544ba8f308ea2838a2a8e9b8d368b2.png,G1XZHRBA
4e74242351ea3786e13e4f54e7e750ec6b20c9d5.png,13N839GZ
4eabc965f781386cd0a7e3fc31bf512a8390bf9a.png,OFRQU569
4eee8c352c169d736103e5d68e2c5bca25b8fb73.png,9MPUHCE3
4f0be94c413438bc179b64ba1d708ce0ab8c194b.png,JUVBUOGW
4fc35d1b334a9bbef762e2fcd351f7c4dd7c2fa9.png,P5K06BO3
4fc7e4cfe4b3bd4fb6cdd856bf6df9c96af07fad.png,90GJN0Z3
50052afea511829e6c6d82e276f817e652b757f6.png,0WUM6H5Z
5036227ad812c124a8a3541cdea2caaef57b2631.png,KE17IJ33
50fa0924b0bf6d9dc96995791afc12c07659f6f0.png,47R78PBQ
50fd37a2be7d3dff3d26c454026342f98dd277e0.png,ITRY78OC
512db125fff6663c960620d76bed35b545169b1f.png,XS5MXNBR
514ccb30dd3ba7c2085c612856f3a2ec6d4b0e6b.png,FMDWPHAD
517fdad12a047618643f7bb584ceec90ca929507.png,EBOXCQ4G
5188e5751625ce6d2528f88c6632c9d58df2aea7.png,R9JKHX5X
51c6d98b80f095d6d3608ea083a34ab7ad7b66ca.png,TSJMP9XP
5214de0dfeaf64df0979b80764353e02f741fbb8.png,C0NDBYV6
52267cb124fdea0b5bfb03b44dc3f4b922397d56.png,W2YMRI01
52c0aaf2ec84774ec80e6d0a475e4125b2da13e0.png,MLRXYVET
53239839b58e26991f9f07fcf02b15496b585956.png,BMFUP64X
535a363064ccddcc0d7db9e83368a8946f025f69.png,IJLO3AOD
53ada0ede9806ddb8df6abd087d4c4680fe36be2.png,2VM5NH04
5528e845e34fa317d19a3b56a80190f6d50e3d5a.png,ELV60US3
554f4ce1fd25a09f8173a750bf7bf3e4b3167710.png,QAADMRQR
5597d037b25dd507ea8dd27c714bb31d7562c3e5.png,SNQJND9O
55a3036ac7e4b206a43bc2a82adecea7355a74bb.png,YVZT1GA7
55f5554e390fb8d349854280537d3dd174556937.png,RBKTDAQ6
569079a004ee74e76e5f10fe5559aa9cf37bb099.png,XGMSA1YZ
56a040fbab446da10c0e88926be5a9ea46bee12e.png,7OGBGZ88
56e5b4eb215cdd94ec49e38585b12072d5f295fd.png,9PQ6TCI0
5703815b009be9d36d98ad82ef6cca4ae76825ce.png,LGIRA766
5707f8d09b64f9973a969333bf5beb528d71fc7d.png,L1PXPSH5
57ff39f2eb4cf3c1268dbe41095c171894685118.png,MBSRSIK1
58298c4008608ed8e483f3a8512b440fd6736264.png,JSF8WZ6H
5848eb986b0f11537530088ad08bc10659ec03d9.png,JVCPFK11
5883732ae7c49394599a719525dd24027c71b804.png,BRRKM0MP
589e530683262a11109ae5eb408fcf0c1ebde743.png,9LQE3ADU
58b049f52e5e809728b7f6df5eb73a5eae557677.png,4TSLM0N4
594e45487f256d4cba4e25aee893e1eb016155ae.png,SPQ41PX6
59a25f77436e702b7ec55d3137890ec745873f55.png,WICVLHTF
59b20addbe8e3b09d9f5a88b23020c1fe833e34f.png,E4KW766E
5bcdf11291b6536e996bfd4b3a85c9d778cbef63.png,TRFX3FON
5bfbf09fe24162cc874f54ea53f52a93abd1c13e.png,XJWIK4OT
5c2f6e6fba55b52abb6d6cf8a310f205490f2882.png,4W8G4VKD
5cbc50f40fdc35143bc905853e3215858e734e39.png,DT04A2OA
5d16a7d90990dafe72be9ddd8f6b0c5ccd65fe3e.png,LW05RQB1
5d27150453eecf4c263b7e39c0e8f2592c7bed23.png,DTVFNN6L
5d2bf2fb1c4a6e9cc2f10f05460dcbbf3d19bcfe.png,CVLMEY8T
5d4dbf2b2637d65e4f9646dad23d69ca9e07db5b.png,7TINQ6CD
5d8587c58aee663c3ff1860603efcc51863a9e94.png,RSYF4WJM
5f1d5d63bafb43f1b5e6247de3f3ac321d30d0c2.png,5JZI66Q1
5f834fc12f0ab7f09d4ddd29c991169f0a64776b.png,3C675WW7
60095c7b2fe2aee9873f03b3dedd136c0fe442d0.png,PCJDD439
601730fecedb0e8b7cb416cae6574e4f603fc402.png,G6TJI6R4
6051f582e2eae94978c34be0ed75d2b79bf40251.png,THKL31MM
606352ba705764b0688ec5bec7fae7a3b1097a16.png,BAXLSRLX
614a103b9a0f7d7d269344a8f6eb63f5487b2038.png,KKOUYGLO
614d23fe980ba6ddacb11b401e3c4262c9993632.png,9476OJ5S
6184a15fc559e685a7975e3e97768c7ce7c925e9.png,SVG6S2A1
619ab3a171800a0b5a975698ed20f0727fa8844b.png,MZAZSUMW
61ae232bbe25069f493f2173e77540e9c7c6fc28.png,637RJXDN
61f2704c886e9611640fa6323242fea42c12cc32.png,EAKVEF1M
6236c5ed9bfb37e97b8ec9895e7fed50cf0a4d67.png,FCGOII1N
6250c723e3d52e8faa8c36430d716dbe7666509d.png,B4YP8J1R
6285299eb3a2864e397502f80e471b82db1f31a8.png,9UEVSMG9
62a73ac564a3d146451f3fbee633bc456e85969a.png,3TGRJWC0
632e6a0de86e8a0ca1e44e521c82e8e88ed4f5cf.png,3N6N7VIU
6340378f007daef8137f848f962a5b1f54a9bad1.png,3FFA3HR1
63985ccf1369dac5f1efd4ef6679aa76f540b753.png,ELQ2IR9F
63e9e8a5822de88e592a4d991106edccc23b8bc9.png,944DK3G1
641fc0261de26d121854b886c902dcf3c2554e15.png,R4EBZKUK
642dc966adedd4e739c1ce0d52d152fe48af31ac.png,4X8GFGZ8
642e8513f29d6eaf8921324f7dcf41fc424c5bee.png,94OL4AV8
64abd413d3595ac156527e685a8b7c36e4b5af05.png,4V9DLK4D
6587c0b965342ce2cb740e43dfd408ea9051c5ce.png,8XUYFB7Q
65d7ae07fe5a78f8bb90b946234f60dfd9410850.png,U63FQL66
65e8fef1251a4e016cb98b0cc0ac7eb7b8d75e94.png,RUSS2YIL
6671bc4d07fd71a248cf3118367a16bcac6da894.png,LZRMG3BJ
66f48ba811e73ebbb91a24bea0facb7958ff8df1.png,0E0VAVH5
67412e269a364a3c685beafb9ac90eb4864c7e37.png,YTVBLQCF
68273495414fe316ed113b4639c97be8275f6a99.png,JCBR2ARD
682ae243466154dbdc1eda25a96f374736392b4e.png,O0NHO07G
68c68df8194cace1766ee9384a4d067017f7d109.png,VKNAHZOD
690851fd136fdd19bb9728f333059b8cf3cc1dc9.png,EOA7316A
698b5dc25e2053ad91658f9d56ffb8cccd20c2c3.png,9NIRH33G
699def8acc16ce99aecfc85a3e4ad37e14ec5013.png,ML1Z7NPK
69f424e1a09c383ddb6a57c458d2764d9d4aa5cf.png,TX5P7LTY
6a3f57941926878ee576aa3e03622632bafd1e11.png,RJCKJWSI
6aa2f1c38970d147d35579b53a8138954732cbfb.png,9K8XA937
6af07e5e03e2920c9394000023ca6419d415dd56.png,VS6Y4G4L
6b55efa917a8e1167a9290465a6a238297d72207.png,CHRK18YE
6b68b040892613b1fcee3e10a12d095e812ea0bc.png,H70DBY8T
6b967b3f27a00410f8928a4ae68db626b5b80dfa.png,JDIGBOOG
6bd61008d805586f995561290d3f43cb451f47eb.png,FSXAO6OK
6be5dd584ce2787291e597121b27234e9da56eb7.png,X6LXS58A
6c0c6eda906028d13436610807422f350aab5456.png,7ZGEEOX9
6c68a0f76cb8601f4153ce8bd5706c30a0f723f1.png,YN9SU441
6cf2c053678c335a9d4cca80f25979d63344becf.png,XASC4JN4
6cfc23dae36e16ccfd7f4550d6887fd1663fa605.png,DPAHOL72
6dce7d45750bcd0dc4479df2aa3f92ce1c305149.png,UP3R1X8H
6e453bf26d9cf4c6c0ed921549abe96ce99fcc85.png,6ZXZ5J4P
6e7c76fc83a89bbdc0607777101fe522fa9eea92.png,DKTL5O2I
6e8bb967af89580f0891af61aadbd4a188b11aa4.png,ETQKUUWW
6edb7d44bffc2cfd4712d5e8ede7fbba1a2d5de2.png,BX95LDNU
6ee2635550f7dbfd85eb355a773b96c55941c6ba.png,P2DNH4YU
6ee423c867920e6aba7cda46610ba1998590f6b7.png,O51HJQGV
6f2b70967a78611f03daf53735c9164b04854a6d.png,VL4VLZSC
6f7a492a87f7cc602ee200d86584b8c3855bd24a.png,FI978DZ1
6fa64c230c642234f17112cee1ddf459373ffe80.png,1Y4CGTN8
707cba18dc8ab4bd4033bfa3e21a9a4bddb2f25a.png,JWKAGTSK
71a776c80065df96c706f02c64349683ebffec22.png,W8XWZZG6
7221030f91ea5382fff2eccf1f49eb5e005aa03a.png,YLP7O8J1
727ac8e0d0320eede5ceabe017a42a7251453812.png,ANXQ5LNT
72ae3842405c1bbbe5f9295f5718be4e81de0c86.png,IJHE9GI3
730a4d1472e6a9d03e55aaf131490e93773345d4.png,CW7GFT1T
738ff00d7262e678b2462e61501a6f7e5399862c.png,GZX4F2YV
740c8a3223a32543334fd7c24e93f2757b24c22b.png,S4MLDE0L
7422276639a25c7e3ca52567be96838c3381e9b8.png,FJZM7CKM
750eadd45195fa1d10304e2e468392599626b955.png,C4WDW7TC
7529c548f10852c5cef4afd78937ed1f71bd4dfb.png,WZLL5N1M
754595069dfa3f655139f1f1f3bd43ff920ba495.png,PBULYIG3
758d23280f7041768f3eb83998600530ccf29729.png,BU6Q9PRA
75f1a953a8116bba0cfdd37e5c3a00489a6428a0.png,S76UETXY
75ff93a6e78c652e877c3bbd5b6d0fe3753d8243.png,YP3EKOX5
764db4bd88a805bff857692e67c7b136ba23b442.png,KJSKZEJE
76598e670e815816c33e54d3130794a04870999e.png,H46Z55JP
766e0dffe928a564e27eb3087f9c1d9a5a7ac3aa.png,MCBVPKDI
76ba1a8aaef02a0957df8c3b56457e75a00dafdc.png,YPD5UU82
7806722e2358fc7e26b05bdb3c1404de1de17482.png,SFBVT793
782e19210e5adb9db07d17d1c21adc1e6fa81b2d.png,PQ9T0OGB
789873a23f51f3aa076582e38b7534f3e46fec19.png,X9AUYGDM
78a87cd5fc5de330b953a5e038afeb643c4c9a68.png,KQRT8Z7Q
78be2e6850544fbbf2c1a5c794e659af96d32fc2.png,3RTB0VAX
79b675f656ae29c5869c9d7eb0d82d2036b373f0.png,QUREP3OC
7a3986da5307e7ca0ca16a1243d628c409ec8a79.png,NW8OE82U
7b725d69e3119b05f5dc79e6edf3afd8409314a4.png,XX4IZX0C
7ba7097e8e33b0235c96137ef1b3467e2e97a6b7.png,IEXXZ1BL
7beff5ff29ae0ada09e6d2cb62d7a53dd72e876c.png,2EVJMDXQ
7bfa0a23aac7ca7d7b1a6e65b82344de629353d1.png,W56GXCDS
7c3dd0e7aa34c6d826b2ebe9a90431b113ce2295.png,KP64D6TN
7c7c8d397525935068c34d98123ac87eed8e49a9.png,DSE8U6V9
7ca0cd84b22e029dd8a301d65775d61ad1fc6e6e.png,WHURVOX0
7cf4af3617d42cda507c5e03e5d62138013b9fec.png,HP6GR1SM
7d3d4207aa7e38e37050c07fa300f14785247891.png,RMADZA6A
7d485f2ba88fac8e2642f8ab9c075d033e257e06.png,RI4R0YS5
7dcbbfd0dd7be438d6837ef16c2acbb2434eb338.png,ADSPFJDZ
7e60d7d6182a6abcdc3385acea481c745183dc3f.png,MGNRQSO5
7e7d202c84196352b42e283d7ff05ddb651c9c82.png,7KMOWI94
7eaf69e1318e19df11880bceaba64dce8cb32d18.png,13P529ES
7ecb14ae10a3e0b08fc6eedb10a49cff0c3be6b2.png,6VJ09QB6
7fb7c0d3c47462b543002f8337eb2fd09008c450.png,BRTD1052
7ff5729a0cbe656564f9d21856b85ed9905ed457.png,NMZLDMLG
7ff61121e0d166b5a551a1dd239cfccbb0e9b941.png,I6QIFYL9
8069508d8a1a96fcafe74863cb8b01fbfeb6c060.png,8A6NJPLG
808804a0e0c5829a196c798d15ad5f786e66e0d5.png,X1QXBH7J
808f86689ebebd7dcc1eeb67c42c061fdf86a2ed.png,DE9W50B1
80b7e34715701d4f7c0d1691d0318846889af737.png,CEJ73ODW
80c9069e64c0de5786f775698b3e37fd0a935c19.png,5EIUNDK5
80d057b2b7d490c2b4eadbd319a1ca3050c3cab8.png,YXX3FFSL
80e2b7846f3ae85eb1508d02e27292e7218a093b.png,IJQ767II
8107a27ba105f87f6af81117f5d98f987fdace29.png,786AOES7
811d1c4f412d21c227ece4c1209ad84ef466cd13.png,BIKLNFET
8247cf5c0b05dc2c4a16c4296a8c3bcafe705188.png,4KFQIFFE
8258afd70ebd13c31c8a9d9f44c3fe8bdc294d87.png,4C35W881
827fc99441812d6e7548e1af2d8934f9d98fa663.png,QB4FZ7GO
829b645cd203ce6a57ad48ae1b14cf2d634ccf37.png,1MNL2YML
82a5cc1711a4bf2814194813efb9fb2ff73a309c.png,AHZ24EC2
82b49c2f42c9d1495aed8e1164a4c35b9e3eca8d.png,9I53NSNL
832e92687740dedeca87c0ad9d46d61f4f95a9c2.png,V49ZG9SA
834ef8508a0d42fe2ebd446f7d9570e9376a61bb.png,N7GYN0BN
83a8e3c0c763663f39835c10342e3032c937562f.png,EDEEXWMP
8439d4395ad21ea2fa6c15f1539903ec564fa800.png,1GUV730O
843c12a030439a3e3885ce5d26c6c7bbad64fa7d.png,DT07YQMV
8482aeb194a548668f83a3d149d936c6ed9f49bb.png,93OV0J32
8486af6a266741eabc61469fde21f76f83295a6b.png,KBPV3FT7
84aa9a0bdca50a7df5ca8ca6d9f1cb03edabedfe.png,S1D3MVYC
84ba5b065c887de931582a4a91b34340f20580ff.png,34BEAYFR
84cf2f454f18340b177795b4fb9c648e6bc7ba09.png,GMA7T8KR
855bf7669ccdc0e9727fb015368a3a49e2b34a61.png,5CV7QAMH
85821a3e447ea1f019a0140c33e1444352e59456.png,Y4O1HY7L
85ca8bfd919f1c90a44a195d291d1290fefd251c.png,VM5LW604
87064b557378ca7b26eb076dfedb5673791f13c7.png,B75F6XA5
8758fec854986100ee5b21375267450239af0bc1.png,6ZTYGFK5
876351f8070f2ea7a15295522daf693c803f1309.png,U0ROYMXN
87fcb238a37d70e8dc3b488836146ff6f79af378.png,N72FI82H
88231c0ea775c30f0014642e504c08570c85e638.png,LFLTCCXT
884786282c3c62f4269ae9b88e0ff04c7c97b4e0.png,X28D1G5M
88e9384e44e1e757a965c63469eed962ec844c9b.png,99EOR5NF
893bcc4cb870ffad82dd1d2dac957b5d720ae0c3.png,S1T6GQPW
89584b28ea950751bb5839298b331d839a5d6e5b.png,FA0R8RKM
895f1fd9b9df9a213d7ebb24ffa152257a34cf2e.png,VAD2L56W
8a05f140b4a11ea5ae70f6bdcf21c2fcf822df8b.png,9NPVBFPJ
8a8248404ea35a6224c2867dea8d9da08e56768a.png,P2DPFSMR
8a9605503de875bb589f7cbee206c0828c1ed572.png,RV555FYE
8a9b0f38c29a2cc9cc2df5b6e2a079657a965f5a.png,TXBKS98C
8ad6a13bfff6e27344cfa1a2e0454328943c8c0e.png,JYEN0091
8affdf112fa152fee6af83a452c0519b0baafd4e.png,6QCJQOSC
8b73aa895fbe03bc4a1e4838bda3e43209a04f68.png,BET12AMJ
8bbab6807b31f19ed52c95ac11b0f94e76663559.png,7U37CDNG
8cff1fb2b88e10f55fdee21391e7f6dc2ef303ec.png,Y8COW9AE
8d08e8417114d936b0f0de0cd0b340180fffb0b0.png,NTJ82P96
8d2b105a058a680d151170b13cea7409f52711a5.png,TWJ5D467
8d51c75e17d38bcf9b6d53d79d2488fae309da4a.png,4Z5BKTJE
8d8b4a5b107d751623979f27d2f54b3f5e928592.png,RM3J6568
8db47c65fb65e05d7e6710439a1a53383090c38d.png,FI96LUHH
8e399c5f34f592d34e4bec6933846825d324d8cb.png,D1U6XJF8
8fa58cb2f1b37a48a6f2ce9a3486186bea6fd8fa.png,Y04YRLS8
9027664d2ae6d79b875381222833e32a6c16294d.png,P6CTLD7J
906c8bf8ec1745098222f8dcbe6c25c69a718ae7.png,O0E9X2F7
90a319a4c23cf09a518be8c3b7a9c87cbf58186e.png,S3K32KSG
9118a698cbf08f8641276a5fa60a03046eec3163.png,KU7PSWOV
9122234f6f91983e1e3f645b0e7d6fb58561f73d.png,58GOJD2X
914275a023377f270389012693b5c571300d9b11.png,25APDKOY
923de59b219e55cc9f6f93bb4b8b264c624e0aec.png,XIKHVRKG
92ebdcc3dd9506031cc4980a7521eb0ccbe237a8.png,25WJZNXO
9344b2ebec966263a4e241032af5b8518c796438.png,NAXFXQCX
93e30d486af35424f75b9a6c00a2523b876d72c1.png,PXTGY2SA
943263ac77227e415e6cae2efc7b45a99d2325ea.png,0Y52RV3R
944fc79fd6c06b26c2a9da4f092c5ecdb90ccb05.png,XR4QRXJS
948cbc6eca8771a9dba18c8e427754d4a460c9a7.png,EH3RAPF8
94ce351672ea5271f4b5ba647c18411f424c4167.png,TGM6WI2O
94e97b04804cd583f9414e4d2045c80de3e90b97.png,438DEZII
9550068c8dec96109f7c2e41b125c78fc5bec273.png,GGZO9DAL
95bbcf2ac863b3efbea4ae7232362b6104eae0fe.png,8TS36EQO
960e6c2d9b7bed4f76b7e8fd2f8291a4873bab55.png,0GUTMAG8
9612b4aae2db24e5a0c65c7b820fdd675cc13d25.png,TS5F0IY8
9629fe72b39e91856bc9d14429bd8d68cc2b34ee.png,ZFBMRIMY
96340ceddf70f2bd46c881bc93d75b4175654ff1.png,IGKAECGD
966a72a332837870fbe60dc30ff3cecd9979878a.png,Q5X6ORYG
966d2b33e8102f5d85f9eff246ad78428143b6c6.png,FLV3ZV12
968a9d66a57cf403c485fa1fb09ad00e0683ac7b.png,33S07YSE
96961261a02190951b75a5f8722ed29d44a1bfea.png,W7D92N2H
96aed448f245798f2c22fa88f5d60fdd62afa439.png,PS0JZHK4
96fb78d9bc86579d9ffbd593689524615fcc7813.png,FN3Y1ZLR
979c4a6460a0fd77736730eedc8d1a848ace0d93.png,L0RXNYZU
97ee3b35535ab15351d72a544f0249704873df7c.png,EF2O684F
9810ca46b016b91cdda5992414ac397e73743fc9.png,JG1XQTOK
9847ab214037b8475e3b27f95f25d8986f7a65c2.png,U4BMOJRL
986da26ff41607120d3c8f5ab89cbe5a55f5be8c.png,2PZSGY1C
9a0d1ab4bfce3bebeaf098ebc32659912ddc0369.png,5WVAD6EX
9a378a90bc0ad96fa39ccec4c9a4bc641ef1e7e9.png,3JAGUO5C
9a6d44ef028fd5d74ce81741193d088219ba45fc.png,OHJ5G2TC
9a9f075d66f65e1902bdd6f317ab2c8ac10b6321.png,C47208FU
9ae7944f588a4cc148bb6a14c36e6221f29a7c79.png,BTS47NUF
9b38847a5584ac0a364d62b4ba1c6918476c2bb8.png,WL415QEC
9b7089cc85de59cced065c064232a5ede5a6c9c7.png,FD4SEVEM
9bb37eccac36d31ed7ad7b3f2f7230d327e04a40.png,6JE4YL17
9bfde56d5a73020e22e6eaf05aeb8b387f6c238b.png,TLTZSJWX
9c11b176913397d659f38f5595b75dc1bfde48ba.png,UX4SMIJZ
9c75f8facbca8ef1401701c12875d4270502fa7c.png,LQWUWAY2
9cab3ac1ac4b4737286a519401044e847de5e0c5.png,99DWWIOC
9d38c2f0299a1cbd011a2a626815d865617ee9b1.png,405W8GWM
9d3d26e40af820d73692480c817304f601154a74.png,IFGEYA0E
9e0b9e25d4f93dc7685e4a2d20e3e99666edd19d.png,A9K9TF8P
9e39890a958b1374264e4538d74298db54d272dd.png,NJA5H6JH
9e5eef78428a71d039423ff952647328938b1f31.png,S6QVH2DJ
9f52c63906b503eb30273afcb1d9f7f163329e46.png,4A87GFFM
9fa0f493684320365794f0c6d83de03e61980c39.png,AP8956GI
9fd2668ae2db02969a3e5b7180880c48c5a81565.png,B85ZUB6W
9febeb0874eeb24897f3376e185be99594c4cfca.png,X27JZ4R9
9ff068f249e078ab9bcc32dd86f38c3265944bc8.png,P3POYK1X
a1038db6d8b200ee5d7436701d334abdb978d5ed.png,S17KVCO1
a1059b786f51372264f7a00b8a3e51b9aad8e255.png,TL9GWK4V
a142eaee672f3839674d503c25bbed640599ef1e.png,OD2ISNAA
a1a52066bfc6186930dc6a65274dc937e4551f8b.png,FS4U2VXN
a1ff6a14eb8696f73989d742f2bae8224e92953d.png,DKDJK9UQ
a2b1b0694bba64cc84057c35b20954a15f2e5983.png,92M6Q4S9
a2daaffda27e86f4839be9eb1f136a22dfd02112.png,WREAG39S
a3186690012f74a19ca94584e627d811587e573c.png,DBNNBUEU
a3376ddb0a949e69d09daeab338252bb45d1fab2.png,ZU2AYH0H
a35505077b8c92c0ce375e0fd5803564cfebef37.png,T6VFMF3C
a3724f911baafbc20e24ec3e80019a79e387e41a.png,W9GXC6OT
a3ecee3e260f677c51a0f5a0521d9ff8e5507988.png,U1P9GOTG
a3f021c1197f72df43caea01ac3e7c7f4fd4b133.png,7ZAAEPGM
a47d142f6dcd44f2898ccd643e66b3c6de1b5eff.png,KUVTXV6O
a5193bd6411ae5d64e29418310b3ddafb555e443.png,K35YDMOW
a622d1f3cfe3d88cd4e312bbb0d6cab4ceb70efb.png,83F7VTGY
a6597c5dcbc122b9605bf0aa077700a326611603.png,958METOD
a7406332ad1dc25135ce714c0ffc0eb647ebc09b.png,R8YQEZ69
a7704cc1f47475eff567cbe72a1d50a1aa84a6bc.png,Y215PX8J
a90e6a7f9e15d380cb4f93e1cf9659cdbedbb433.png,MVE3QLYO
a96f077dd120273c81d1ba8e1cea00e92fabc9fb.png,IOSYJN2V
a9740b119446ee8d826ae763f298932ef1566a82.png,SP9T534P
a97eae133bb047f6fe9c0d84a8ed44946e7f3383.png,XP3X2Q2U
a9883ef6f369f1644e833b0d7a1bb6ebef30e734.png,FZMHB2RR
a99ea8ebb1b19b7b9e9db22745b2aa0829249c76.png,K87TL1Y2
a9b14254d8babf2e7a123635ba85d5e5114da7c6.png,2W5KAHNV
aa14d03a2a56affb6f028b69380dd5927e2daf36.png,ETUJHI78
aa837c32241e1f47767dfcd94e10679805975789.png,8EN4G9A5
aa97c585271eee318e8b518d7423ee03e59d4f00.png,5K7MBWF8
ab00f25415c1bfecb6b58100e72bb25615d56fd2.png,4SPG55OV
ab9fe9e8107b79ea74d59ace132fc94296e9f31b.png,MCJG1EXG
aba9478342360e5c5dd4713e90256f0f486071bb.png,YVG06HL2
abc331b67ca8c8d2838f907b26f6a4b5cdb88e1e.png,5SGDTZAL
ac7f9c1f6756faff225b9bbdcf857aeb6c284265.png,BWBB8UON
acb801155f73aa6a4e0424b255a27109ec04c343.png,JNZQYVXZ
acef2bf62cc8fb75bb5324fbff980cf7c004916e.png,SZTSP8GY
ad8b823fa78dc4cda7c046ff2dcf86a62db6710b.png,TJ029UDT
adb315e0393747b8019b04c3c8153661b8b7ab42.png,3LJKUCSV
ae5b72f22bea5a8df228ab92c8ce26acd56f2f2b.png,72F0QZ5O
aef58b664529559dc836cef11fd03b09133b7565.png,DLX82WWG
af2e8f57d28bd99e3ca98a9b2a0740d078d8318f.png,QST150XJ
af48cffedd80a16f0d3283c2511853f480da797f.png,WV6HFB35
af75dc20c287640c6f7db0abe367a69f3c7ea484.png,LANU3513
afb6669921f96da68bd4fa488546c0ea24af28d8.png,9QBP2J9L
b04b71b379492ad199549654cc88eb1e60b52ba1.png,JKU4EF3A
b08f2ba5a6cdf1b5b35f8ce2d9976d4cb689b125.png,FGFQ5N61
b0917a3bf1c3cfa352afaa5cb39372ea2d27d61f.png,JE9YNCZR
b0d4f5e78a833074a95a0a395a56420ccb362b3d.png,886COIBI
b12bd0ad75ae2ea5cdbd7f3f6010127f1b08075d.png,0CVU8DPF
b1d764995e492412e5831c4c1ed0e814498ceb51.png,FJ94AEKV
b1fb8acd5559feebbce5d4d82e5fea651f0a92fc.png,1KMQNDMZ
b254c555c0e311c9a25c01b3993590865ae7e3b3.png,I3L9WRFO
b2656755b1f2b061426198c2be8efe160872da3d.png,LV8W3DX9
b2d3d6fcf189e7bc2d7f980825981d6a4557ccff.png,PR78RGAH
b2e8a5da82d538266a5fe7da1c3d3d4c6c2dd39f.png,7GDNUC1F
b319bb19482360c447eb2b289f83934fca4bac54.png,KCZLJSNT
b3d8b802d2314a000bfe3032adee617e40a176c9.png,FT7TG8IC
b3e5d1a99057d7e82c6fe6313b4b04f0d73db0a9.png,UZPPSY6U
b3ec9dcc0af03100f119ad857cf374eef7afd487.png,KMMHXUZQ
b4337cd02d6d886db077cd5de2f6a7cee683c0bd.png,O3MTBLZ8
b467cbfc40d479e4687dfca7738ac6de09eb37bf.png,XD1IPB16
b478aa60476d91e13bc842492f9a12093baa4576.png,Z02G56KN
b481b5f09e9abd7df06fb43b8da5c3cbd5f622db.png,BPZHOEZK
b53de6a224b71befd66720c552477bf87ee2e792.png,FO1DLQC2
b566ee978dbdce8dadc602543c84bb24838d43ac.png,8DMALTI7
b5adf91dea14d150ff60ce2ee0835b205c1dcc25.png,RKN9WB4P
b5f075abfdd0d6bd09a7aed612b72dc7c5ba2730.png,DUNAHFQW
b6ef92343b9930ab556d8fb6b5931e2ae3c85f19.png,F75MFWQV
b75c9cde0e0031b15c984a822f6950e2fb532286.png,F3I4AR4H
b7b92deeda2027a5521b769bdf6e2c569a2ac172.png,0C0JO1OB
b7ddc341fef5b0c2e0d6c9f255b425e035c1384f.png,TTP8Y8HJ
b8ce814af064040a6b2cb6e1a3a803c968dd5015.png,LKEXM1TU
b8dc2616a6da4388fafefa0e268f7ac59dc46602.png,URI8BINP
b92a8d544fe8f5b4ab29129c11f21c9f580a1846.png,L9HNRVNR
b94a18a6d859831d1c8ec90983274383c9e6a71d.png,W2J1MX5T
b9a180a0825447cf4cefcf42104d3a47e70f532c.png,ORMOPO0I
b9cfe96a09b0171a62a3dad3707417f7ac32cefb.png,0PNO3VR4
ba121c0f3c451c648569851b6e2b4e91dce141b2.png,46I1YLOI
ba692ad1bf92b56c7802f5502d3723b9dbc45f17.png,DQ7GKRL0
bab93d2d4e27a598ebd1950ee2dd212ead1a1c64.png,GQWCOXQX
bb77170425dd0662f8ade102e61d020065e8598a.png,ULB903NW
bbc355c1316cb0ae126b71ed5b29dcb8c7efd2c6.png,SLVF27JX
bc543a751ab13471c6bba70ad52a0ba0006a2147.png,P9DLA6OL
bc9f8f7ab1a82b62a2164768d443404fed448ede.png,UZT7B7SG
bd665efe66b11a87ab456e7f3c2b75b8cef490fc.png,YCURA0GL
bd9601960e851e84fae34f41e346698311151051.png,PBYOQLJ4
bdc96a93d8a2b6192467668f2391e9901675f69e.png,I738116E
be06fd6b061a5ee656aadafcd8d24ee7cc745698.png,APVLIW2L
be6f1764445e8614d1fa2ec4db5509b5ff39b297.png,8ZCDUH1P
be7366ae6d55768d73f754a340b271a462cbb9ed.png,7C3K821R
be927d86200fe5cefc3f7e89b1e883780bb5da1a.png,KWMURIHZ
bf40e865cee142bc8bc30f27af3752e329b49c9f.png,N6FUZG3W
bf850ce6bc081972044f7e3a8ebe68a9de9e4ddb.png,I98REEX3
bf989e97be7d48870834d9f91606d232ad222336.png,L8P42GRP
bfe7e218ddc4595ea148dc4033e4837ff5338376.png,4NBS8TTD
c0abe22ecce366aebc6941920fe9afaef8b16746.png,KSSA5O8K
c0cdb49bf49f3f87facfffaff993415f74dc4507.png,I6W8CA5R
c108bc784710fcdd55bdbdc7d7d4237d9d78209f.png,K7GDJ814
c18739cc9b87e295c5f68368ac646976ca899107.png,QC4LSW4J
c1af3055db002d329d4c388039d836bcc0b01f24.png,UVXD2A9F
c206f3c77660a6e1c7123bd13961e7fd89cdfad8.png,Y628QW80
c2b5b1892b7478939301b879d4969a4e1026b9a9.png,LRGU87OD
c2c789f1e2dc4bcb4974413345e8eab792df0a0d.png,E0SVDR2B
c2f7cb2acfa25ce9d95d8fa88b9c82a65d296dfc.png,XWHXHMWP
c42142d4acba2eb228145cfa2649d9cc2f5e25e8.png,20VSJLLU
c4680017085dec58ecb76e6a71b06be5824812b9.png,MJ0ID968
c4fca02165341a5c9f10284a17296d76c5a824f0.png,PJRCP1J3
c56683d747634f5be695be6ac69c4cb6ee1935ae.png,UOG3NIGS
c5698b758ade2c311e8a85922b2334e5daf54898.png,CFIZZ9GO
c6ca8ed18d6e8d83480bdbc44ddfc767c9ee5b1a.png,FOVTH7RQ
c71777a8ccdb6046a8b0ef13e9b90c95847c6c89.png,YRIB3Y0C
c782a3e17222a01c42b56444535b91d9f3358eef.png,6OZQLVTD
c7b36c0cfbc860d4145c96f0b15bea8c4dfa974e.png,1EY5822Q
c9050166042741c9f373b088237ec2aa30dd2bc0.png,ZFREQSHK
c921be09c9c4315bde11c555bb52f606cfce4a03.png,RWNM7G2I
c9782141f539b58858f892c5f092071f40461927.png,9K3B3UKW
c9aaa31d45e6dfb5e1b6cab9911b52378fbba1e1.png,F6ZOE8QE
c9ea3fbe2b409f0ad1df14ba9b718cb73d7d21dd.png,43CODEFJ
ca8984a15171fb501d1e11f5bf6c865ae6f2228b.png,I4TEHIG6
cac740baaf1fe79b3170376f5362527b79a1967f.png,HGGT23RV
cb51c23d439403eb0d20801b9e041e74ecaa4c46.png,QTQNTXM3
cb801b88a1b6f2bad501d8543a432c7237fb9e24.png,8PAG3TD1
cb9ce5c17aa2029d3d85adc15b218b1b82009c8c.png,OVLCY9NZ
cd00458bd16c3a7de2e4d54bf2d13b04439b6c15.png,0J9SAJID
cd08da9f1d47625310cd15c4a9d4c3b562a5f6f0.png,DEFODZQD
cd0d9bf960634f482a56d3f3b7bd2e3b8386e266.png,48ASGYS0
cd127a4e7c655c5595634c59957559f2e21a0428.png,BUB6HSWZ
cd4f2a2cdaf2c7ac194d0837d4ad1644c5a85f6b.png,B6KHWIVF
cd70b2b51d28d1a723fc35892d778fe791b9cf2b.png,J8ZCM25S
cdd4455cfc36d4556c4da02d69021aa17f034462.png,SLF6UWVN
ce400ba3980ac1038d283db1747ee702918e18e8.png,QKT8A8V7
ce90af5f7f69c0209aadf4013e044f0df74d38f1.png,P0TMKATP
cee3ac1f42f1f7e1537a6a6e9eed204895ec8f68.png,I8E1QRTN
cef3abec759cf0f4e08f24c52c0692748ff9facd.png,BV6S3XL0
cf4edf80f07aee9e889d152b38f2bb1258eca106.png,LY03DMMJ
cfbbd3c6a29bc426ef3822b8e3bb9b91a2fce095.png,2Z4SODQ1
cfd53ebf08514ffb23236c6090c070e14c3ff11b.png,0WV57QFZ
cfee82cd83a8eabdce1a14a5d5f5357f49c0cf02.png,JTMZFCGQ
cff0f17fee711d9abdc88abd01a05a8cec744189.png,ZUFWWN5G
d063f956882fc0d3ed21177c63eb873f6fa4c0ff.png,REVJJ4O9
d0672b4bfb1d9eb064efc9c075bdb351b7088c6d.png,XLXT28VT
d0dc5726050a40d9e14781dce0b2d402e0e633a4.png,O7BYMJSJ
d129f876118db4084d0f95e8267821361ce7fd00.png,YJHRFIL1
d223a286327888e58244a8ffb5011c20263b6e93.png,F33K91PX
d22619f94da2c6e3f69419f0edc79d2b1ec99f7c.png,MVR9EKL0
d2b6f40c9b92f7af92ee2f8ec16fe08999aeaa22.png,6SSNWQM5
d2d8b67239fcca2f7a101c495385d915d07c419b.png,PQT50BUV
d3140efee2d3689f1b26f2f534eaf7d802300eb1.png,YBRYF1SZ
d34234e3e323bca6d4b738bef27c8ea13cc03b84.png,U4OMN98V
d3960b2eb0c4a2bbb9e8a9e2a3545f269c9b1352.png,AMZ5J4BV
d3fdd26f9a54f8f1aa0002c707f3fcbca30c34dc.png,XIA520R5
d41d352c5678dfd4c96a5428a9358f28c2e4ab3a.png,2ALS218T
d4cb538b068e627ebdddb2a8dc6be6d449b69ed5.png,XJFETDTG
d4cebe3aa19728a34a72a334c654635989d51afb.png,MV2FB7Z5
d509916e4cc8ed6e84ffcfc03c99797872796c53.png,DIH8FVPZ
d5a74fa521192302ca022e9e6e16f3f03cb35a86.png,N6CFFAFZ
d622af5ce862031db8b2a8614e4c64a00dc04582.png,89Z6LJ1E
d69fbc3b787c8b28ed37c1d0e798a019c4d86a08.png,6RZI1EWC
d73c88457bac407576248cfddd410f03dfbab8fd.png,XH2509FS
d7b2a146c349b8d94bd486dd8489d01d77ed1e69.png,DEF38O68
d7e571eb6913b8fea20580d0e3550de0cbec5c6e.png,7VMW12ZH
d7ef38a7cad02c93fb31092ddab4b6e4341f394e.png,1BCRTCE0
d825ef42dd1c37b83174af7d9601724c61bfec92.png,BVURGCKH
d86026e035580959d25214e213c6779d603276ee.png,X2D90JCR
d901956bf8ebbdede2799a8b91e9181c74ea9105.png,49O9UW25
d932db86c90c6461980a285d1f40466e231ec816.png,Y0S32O23
d93726e06ff62503d9d0f1964b0213b097293d95.png,9F58O80I
d94506a093c1e983b2799bca18de754b4479b79e.png,4NUJHQLO
d9f42695442f19f8ef4795e3fcd1eef9bd71540b.png,6GXEW2WC
d9fd9bda98e31eef3d3a5a47f74f687f82202b18.png,FFNC6EET
da0d779586e516c03998d841626c906bca884bcd.png,WS0WVPAC
daa426ba2a90febd3119374eadf06f5d703f6cb5.png,IOYJNLK4
daaa0b46d788453186049356d1246dae25a75fda.png,HF7QZ5XL
dab24a81f6efae0496019d0fca0de3ef5786322e.png,TA06ETER
dad68927872f9b795e775c66f2631a93fc61dcc5.png,H6SMNU3B
db3a3d0fef979e6a9e9022c3cdc79590e936d0f4.png,7ZLD2W59
dbcf59a94b98b4c378ea51865f6e20a21908a974.png,IJPXPSWP
dc344d6670a90d400861dbd5ba4bebfdb7c5e010.png,H76FNO9D
dc77598f7e1a912bce55a3403641da12f978fda5.png,FOATVHLD
dcab2f5a78cdb089db2d6fe91665b17fc2518131.png,VY8HECK4
dcd123ad0b9f44fc45f9e86775dc2ef03a559fa7.png,ALOFTC82
dcd844f42b45ff1c8dc801022c39f525b7529817.png,VNYZO88N
dd0ca79239267c63f097bd7c2cd60823456b9b26.png,GMJF5DQF
dd81dfc8cf84e2db5097b3e99d2a650c232d388b.png,7R47ZFM0
ddcf0f355e2665601a0b68ab8cf56aef1af62854.png,28N1F8MX
de406b1868115b2430d453ee33a3d75a9cdf994b.png,RKTJPHX7
dedc6dace6c923253f70c8722c5f7ae82a59a2e6.png,PODRFZ4X
df00ec0810047acf44b626ce926c98b616858bc9.png,03F4SRGO
dffa5220ff2ac603c7cfb2cec066fac8f605512e.png,CJQYBQHX
dfff748834482a6c8c1ff1a7061d2bc573e49637.png,H4EQBD8M
e0062829758c601747bd2f857371dd481f64d528.png,0J8JTJRM
e04c57ce3954f63b7c21a5cb9b6634d738daaa85.png,F6BKTSB7
e08bdcbd0e172b5ac52838bccf05cd4d7ef06c87.png,FN6X574I
e0c0abe9af2d2b3ff50b0f62cf91570a7741d4aa.png,ICE8Q5V3
e12acc7097c9f58d5fcd61fabb6f2d168b631078.png,PK90N43M
e2ad239c6e206ae51c5deea990e4616ebab74cb0.png,VL0ON0LZ
e3a492d825bb450a93e3563e1191a44387d3f615.png,9PB6AHTW
e3fdf07db8e4efd9746e4b5d9da263bc38e8b442.png,SELF2ZQ3
e43b52720f2362f1b0ddc6362f2ed9d6a0ee67d9.png,SZKR84B8
e478b996846add78b7dafc7c7e3df3b8fe8911ba.png,I1EYBTQB
e4b228a193dc7992f5a233f4c968e26b1b53513f.png,8C2TL7OF
e540bfce4bb21fdb311561fc031609de5040c66f.png,GVFJFYX6
e5840e7514504ecf21c55654395aa660021b2d7a.png,5ND0CYCF
e598fd0485b2cd64655cac20150822453184a4fe.png,2DZ1Q9Q8
e6101c5a594026192485cbb9353e1a7100751604.png,E4XMST26
e620d40f554ce61aa5f0002b29415807b2ab00e9.png,I336VGL3
e6bd56caa049f46b84b84696d978c184987a7e9f.png,GOPUR9BG
e84806fb192b444a60336d7564e7074a30834eb8.png,E9AWM8F6
e930b360877d1b7b960081dff4c8854a2892e87c.png,1GAQCRSQ
e966617b7c2e63381b25dd3a21be13aadc5fff56.png,1VB8KUAF
e97a8787e1a56611ab0dd3f9c8fd3893a0514860.png,QJ5JHT7P
e9a10198a74fdca58b5f0b6613e41d3ae84c0cb6.png,C2BTF3O7
ea16ae0cb985fcd21e3df7e0a086bfe3fbc619d4.png,ST2Y54V9
ea2b091d73422ebf0ad57b90357a377151fa48f3.png,I0CBAPTQ
ea7190ba2b36abd1618375208e84641af0048ae5.png,55QWZQ5G
ea7de6fa6f7e91d9240fd47d80b8fc47f4a6b9dd.png,SAITFV4T
ea9c0c791d0221a46feb8fd7d282ac9a2ce0036f.png,XILVW4QW
eaac87d90a1cb159855c8def8fa3b199eaa39beb.png,87BMGEAT
eb5c92f2e03e3a143d6e635adb1ee296f8b0f536.png,MV39ZEC7
eb8d3121f43bbdf078854317fc31624376828c6b.png,24FJO1P0
ebda01b0139ce9907133edbe958a11722170f46e.png,DRVRJ2F3
ebe00a50a3a0d3fce4b2cd8b8cc53efbae446744.png,GD289LX9
ec0e948aa9c32489fa6b93c3ef7d0747f370e8fe.png,MTURD9RH
ec17bb8d5bf513f275210d85129fbdc7711c622e.png,64KUHAZO
eca13d28e9aca2030211a679d8fc2fe4b6e133f7.png,JQ6FZDA0
ece0f260f533ec975eb5e56aa06f8ebbb04c3b75.png,M4CK8ZUU
ed06ba6e44c151304bf2e9b9fbe477ba589b700e.png,TZPGO9RO
ed23e4144b540dea32881082a898f936a2d441f5.png,PRYZWX4J
ed6178d1d81f43b3a6ad85308289208a0e1d816c.png,XI7IXJHR
ee4f1e7e2889bdead3f55b0a70c16179fc146b23.png,EOI0I1G8
ee5d7420a7a3a8a69367c6917350762d1b88e5d0.png,8UF4K3Y0
ee64ea17b54d1f4c85dd077a01448f8595387e9d.png,U3VLQJMR
ee6618002ad4c7659d7a55d45fff19ad5fac4993.png,BIMH7AIJ
ef350c496fcbe6661c96e9717bc7aab86de6cc2c.png,Z5Q2XYH4
ef56e2f01785532dfa6057859f71586bb6abc29d.png,AF4SW2OB
ef68defc75e17adbf71155a5dc7db3592d4702a6.png,P19PN8AK
f0816c418caf32173e38e8bb0ecda34795c5e8d4.png,E9A12AM3
f08b931409183d93aa69af573ac940d98fdc3b4e.png,NKKQS2XF
f0c41497a55de98cbb66eda67c7c15f24461ade2.png,WQO2N6BB
f10068ce9ee143ebbc9222c8954265d23830e7ba.png,WZ1W2Y8O
f138bf39210ee6788c86621725b4b0be1f53dca3.png,HXRPY24N
f180c8a16f781f2a05405c44d872af6e0d2231b7.png,11WY7K5X
f20583d9e8f73d4437a78f56b6e93b26b3950a57.png,V2JMHGWX
f213c77daee6b9c0c3954240c84659b711a60b84.png,B5VFFPR5
f3be3d0b7b44a318b8ccc1cc7e79376e15aabe20.png,6XVEE8OU
f3dc6e4f79c9da8c37a834d9b706dd5a971182d9.png,NOFDZJ2E
f467a2d8bfbfa4652e5bcadf46c0ad6323963969.png,0XX8KNXE
f4b6e40fdeed12a442164816234bca340455802e.png,RNII3BVT
f59957462de8dbad84223f7840a81b779cbb97e5.png,FHEBSZRO
f5b6e98db12f2098a3ca147b9b51400c22936f2f.png,COGCJLCH
f6b338262bb10533edf26e44b5a5069cdcbf0e1c.png,2LC28IWI
f6dc0b88477de3955c0063b5d7003d04d73a635a.png,KL5I8JG4
f744539f45ffec5e89f3a804ac2a19a29804e07d.png,31D7EG21
f7550f9fb3d4ce521ef79d6cfdd158dd4803167d.png,1H023QWP
f7b74c24ab45176b4c81b22036bebdbe2f214820.png,W3W91QTX
f7f37a5048d5942c8de9339704158971bce9ea0f.png,JAUMKRE4
f7fcf52581b020c75277f1f551bf8d42fff039e3.png,U4A5BH63
f8245a483cfcd707957d957406d1948b13e1d132.png,SXET4PSM
f82c6cfc50f0360a5d425136ae334d4bf07dc12e.png,LK231IBV
f897b28178ee66eb5d0131cb77e97b5698b5d4b0.png,LQ6OR18X
f8a27b8258281cd4f039ea7ed4334e3245adc949.png,HYII0QSW
f8c1bc95d4bbdc5851963d1d2431aab0fa03a4f0.png,C6UIFPDN
f8e2b0e964ba2e95feff236bb80d30fbb73063a5.png,NXKTU17E
f981b2e03f0c7bbbe58cad63a4ec951f052a8f7e.png,C9P3BDHQ
f99a4ee45426d842db6d25c874f6fefe6b6c4260.png,NYRUM69Y
f9e2d24f18649399d530e408e40b36feac59f805.png,IIYDLUG1
fa3006374f753c2037a4599283acb671a8719026.png,S10C8RZR
fa921e85882b3cba05958995c35ac56052b4cb2a.png,5Y9F9X3U
fad7eeea5cabf728ab5b2afad3cdf223dc46f1b9.png,25ER75QR
fae08dabaf8fc6470b4cbcc433e62e61a9340543.png,BOGAMW2Q
fafb09e6800134ba4baa922150b7b7e08a83a07a.png,ZH5SKOIP
fb5bcaa07fdebf6dfbd2b64b2a7ec97a1037cfa5.png,AZ168VBG
fb93e524b18f844d4ead3d68b7d44f3cb4dbff7b.png,0WYMEERR
fbe0cd7f6e79be337277c3d9452bdbda17ecd605.png,5Z9M9M3N
fbe7651252678de3d2de1f43aea86f0c2bd5a9ee.png,88ID0BDW
fc8257f79d2dde21d978e42e35a2a1a3a8667258.png,GLLZ6GH8
fc84510358120fb69f6eed6b22fd70656d6e96ff.png,ECSD7EBC
fc8aff8f32f5802fa76146212efc5b678b3f596f.png,VENT0V6P
fcd7330cb6a801aaea07f9d0755f7b3e6252b0a4.png,8YCIJUSO
fcfdb81ab62e416a126ff3053a38e814b8f0ee81.png,86BD2JZP
fd6d0ea8d51ed89dc6ba36f0434ebbcc34051053.png,EJ95CKLQ
fdb661ebbce7cda6c3f42218de1f9b6d146ce238.png,RNMJYTN3
fdf7a7c7299bf7da02aa437dadd208d1e1892422.png,VAV4X3QW
fe7afb29cd58368afd903546731c121c577547e5.png,Y30RF2VP
fe9e2feac499cf06dc32f932c5011ae209ee3e2d.png,P3T81EKL
fea1ddf7c4476f461579ae92d5c9fd73a4e2d9a1.png,YVMTA3D4
fee9b5cf213238766b0165363d18d76273496c68.png,AS4X8Z7H
ff1022e75be7646eec3a18e2156f4b72a03bf07b.png,ACY84RJ0
ff2532e60a3b0e63ec11c222ade43bc8589cf822.png,P3YMISEJ
ff6e5b97546cdb1ec545f07affb603e3d628f471.png,W84V5EKU
ff8cdcca95729908467f5c291ffe78499c976ed8.png,4CF5TUE0
ffb5b57c6ed6a6c385115925feabc0613c6b54a5.png,D1SKLXFW
007d391ed100e03454b86a9c5fbb9996d77c52ac.mp3,07B2TSR7
00d633fe779295e45f9841dcbd80994c5f3bed80.mp3,CQ55OVJ4
00d710256a94a8059e1b9e452c7459887ed16479.mp3,NBIEP5SU
010667e3d9822e14f18665d04bf6bb5cdbc5ac7b.mp3,VAPLB91G
016782aa7ce818b8ee8dd1e646e0015f6c0c51e7.mp3,GU593SV0
0177dc287263b48a60593267ed7d146c89b86b22.mp3,MUC8G4Q1
028920d1e19321f327654e694ad2573d1d185077.mp3,JKFP4C32
02ecc3da543fc31c4b36db83be454981c83e5e5e.mp3,GGK1PUBL
0362797b3c86d237450f6bcc7a35c4f7f315b4b7.mp3,DS75VH64
037f06ee276c023027442ca2c64e6b66d3f5cfc5.mp3,IMDUAQXU
03be63d98ba689782b362d7716f416eec1e1d1c8.mp3,QSATVYH2
03f2a079ef2d63af291501645b3ca9ca5015a738.mp3,ER5FLHZC
0453f3db09b4981cd45a2ddd31a87ae018041bcd.mp3,T2GQPGOA
045886be04a4cf004c12c523910804aacc1b6866.mp3,KVF3OJAI
04aff332c6c1c8f64fb6a9e8f9cd4b07c844ee0b.mp3,9MWWKTYZ
05e33fdd8827d751bdba45141c39e2469cb5d803.mp3,QH43WVBQ
05fbad06ed36dfdedd52372205e67db017380a4d.mp3,4I8M8EI9
0602b8aad90963bf086fed1c17c3d4c3d3d01c91.mp3,GGWPYDIP
060d7f096c40d724f91e35b1a3ffe37d324562ff.mp3,3NNX44YM
061785d4a9ad77dd4b5e7385a1ac699c27a55c6a.mp3,UP1OAOUT
061a2e77fb2c71a2a44fbb3c5759a6cc72116e64.mp3,BL8ZWYJ4
07eef68d781b71c8c6e15dc33d73fb27147cfb49.mp3,QWTQP2HC
0810ea97352d10c78814c167c0ce2cd0eea0f351.mp3,HEOOY5NE
083c8e76300f52cefb36657d85ef62428b7de643.mp3,H64WWJ3M
0903f92585f774ba971ae35c435a6ebced0d4955.mp3,SUALD6BR
097d49696069a79ba6cac8b5a270c0346a61476f.mp3,IH9YXFCP
098e74ff86302ebc68729309ce41ef502db8caac.mp3,LILEWIUG
0a589b5ce4696f150eebbb79c5fe1c919ca3582c.mp3,XQPBM0N2
0a6ddb70416414c17596a2abe37c4b1b31c884ae.mp3,F4M5T53P
0acbf86cc922dc4f4702db446d3d753bf6d3ed34.mp3,02NPNNLX
0afcdb7a26a9acaea8203860a57fa7a73af77994.mp3,WUC5ID6Y
0b0603f276748b196366d429164e7de3405aeb93.mp3,9QYM1BJ4
0b0a2de745f2e518d7070a138cab9a1f84a7486d.mp3,5ACYMIOA
0b512660949730d106d3057e893418577086f93a.mp3,B483EN4B
0be710967b5ccce659b01df84178e70b6ab7795f.mp3,MV4CZZIL
0c4c26b4ce22b8bb671bf7cee106a27e63e61ae7.mp3,NGES4KHM
0d52afc5be6df3d5e38daf76d8658c10bcab1bf1.mp3,JUAQDAQO
0dbeb4cfcda67e03d9f2fef3bf5c0db0099ef654.mp3,02JWLIBT
0ea0a0a0c97d19e9ee32dcfe65ddd6f93e1f56fd.mp3,5V880G4E
0eafdb99fe835bd7d1782df5354b4f3fead31a05.mp3,K6IND1HY
0ff27258479ee7d0a07d03f7c281e47baa163b03.mp3,UYIXP8N1
1057de903ec8b28679054b61b85e4e6e39dbcc5a.mp3,DIU4YI5V
10c5599d1077498b9556865d1a8fffd379a60d80.mp3,96N1PD1I
10f4e9a7a5c71d3f39fad2cbe11f0e40f9091d86.mp3,ZH2AJ7GJ
11924ec4d515719701916ae73776c6c52657ef90.mp3,FO1N2UEL
1263f4a571f6c50a846d0794a83706d6a0cc1353.mp3,BMYR8RWS
12d9ee719d2f75a211ebd0c93937d520d3a826cd.mp3,5B2U5I33
131106fc7eb29bffe277fbfbfa7ef2f7b5112c32.mp3,V1ZOODLD
13302b81c00ce737144cc314e3dfb98ca2380c97.mp3,WOTOJHO9
134b960b37e257fa49260148bb99666f99f76a6c.mp3,82XM2NN4
138b223212377b0c4320402bf83625673b771928.mp3,L8W10H2P
14007f9971366e46c7f726607eedaa5ddc5fc3d8.mp3,WK83W1LL
1400b4385f70915256bb76f964cf91b7a000d272.mp3,V6I13A4F
140e93d6fecf2c51e0b3b3198b6951689bb59e11.mp3,A64IWW4Z
14d3b7c9a0e3bfcb2f56f1297ab225b7995f705f.mp3,VA7VLWP2
14df89450de0c8bbcdea2ddcbb2b8fea1c35cf4e.mp3,2NEXB203
14f3bcf479c593a6206826a61a781482adee1e91.mp3,W1H39J94
15a7d3680de75e27095d1d24bad502d81fbc23ca.mp3,F6MHWGXH
15d4cb6f75b308eab347378cd0e07e6809a87a80.mp3,SG7LCZ0Q
15fd1264fea0f97d037ee991c75b7610a9d02cd4.mp3,Z119XF1J
160ff054125e03d53e6c2a0bf33841fe75327c1d.mp3,ZW75TRVX
1646169148a5edfe8ff94e9ff0f18836510a95de.mp3,WY86WXI6
16509d7c5e78452192a10e6b7731d7249d822216.mp3,1I69TF1D
1653ecd11c88881a5469d70df9f70f36a8874f3e.mp3,GSDGVS0H
1696a902b3c120c2b52d48e66ffb785fb8a30d08.mp3,ETWT2QQU
16a185867c9f0a9639de38a99ec93d2f7fcc84e1.mp3,U5Y936EN
170c9f0ec5e0319d8d2cdd6589e4648bf5cecf83.mp3,SJET06NP
172ae61e49ed276499aa6b464132988b7c138351.mp3,733VZK42
17858d2996824a109fde734ba23a5be354f6955f.mp3,BFLUW691
1808e98e7d054b331fc68338afe45aaa4a252222.mp3,C40YU59H
184a4c1dc13e53174d1c0c051a9b685636936b8f.mp3,WN97OBYT
19359890594093c9d0c5af9aedf25ba1f1620420.mp3,S7UKSPC3
19e0a141404e30167bf3e597aa7e169adef79067.mp3,50910MP2
1a0ede2964e419b32ddd080322e308e884182eac.mp3,3D52YPZD
1a3bc5f2bb6480884c71cb6359f19c71aa429bff.mp3,RRWISKUT
1a92a0a193437b3bec759c936470254fa5930da0.mp3,M86J9OTB
1ae5e88a3305d584f674855326fb75c2a017c8b1.mp3,Z2NLJOGT
1b13c4af3a0c824787346c02495dbe3d9fd2fb2c.mp3,EGSPKARH
1be6cb0418b5449bc2e130eb720b1634d6f0b080.mp3,IWRV27HE
1c3ee59b9888ba601572e708ae31114738bd65c5.mp3,1K78CRJX
1d070fd021762b358f70e4c05d7bb446f947da52.mp3,C0LEBFHB
1d310ded8e93af3326f635a0261f8ac289682f76.mp3,04JFNXWX
1e05bd86799bdf722ae25139b03f2202b474bd5d.mp3,C6R1IVCK
1eae7f13bfda79e6b72b682c567606b621469380.mp3,N052WAXT
1eedb75ed56fa76bc21c2c222a4a34a7de2c5daf.mp3,GDETLI6Q
1feddcc397faa7ebdaaeca1f558c79e2c31db8fd.mp3,Y0TBI0M5
2018719b33a1fbe240a5791b5a67cd056ff56ffe.mp3,PDRUQYZZ
206d45c11723b6d966625d829c72d0226d3a76d1.mp3,Z5T9M4J8
2080f030ef09c59b0b2f25cdff81406ca93bbdba.mp3,FRO1R21S
208cfcc61746c7488d56af5046e3e381ebce2ba0.mp3,GR2H9JFV
21509332cf31907f6ea3c6631cda6c1209884d19.mp3,R9EG6K29
21753b907bb8052c3f61a9b7163d2197cb6e4468.mp3,QJX969HD
220090c7b014d7463bbd787c7a0bdb69a1f48afb.mp3,VU1BJB1N
2231931eae8ee37d7124082a327ebbaf97fd630f.mp3,MY0ZQU2F
229edaaf4143d18352908371baf375d50ff360b4.mp3,M2ECRRM8
22ac42592b6523169e1f4ae92369c2c20477f5f2.mp3,PKKRL3MN
232eb84543442a8cadde932d4c50c807bfab5bdd.mp3,PX3AZY25
233cdd613e455355158c938676dd24c65c6568bf.mp3,FOSU835Q
23ba8c094f570366a0a264243816d231c5c28605.mp3,XSMAYDPP
24862f2829c9c7aa695aa58192bcb62775218cb0.mp3,7CA13TFF
24bc9e4ed055f76c0541e6a322b30f70de192e22.mp3,D0LR1CQT
2550463ea99ac38fc7a359f4c52ce24f00b01477.mp3,E47TOCD4
25c7d79c19542fbe9711ca9531abfbf9550cdc86.mp3,7TNEODR9
2629d23c618193a498d6ffabeee087ee0b2c29a4.mp3,8P8OFKCS
267be39acc9fea2c80e5bfbeb2d2669722e7b081.mp3,8I8ACYO2
268944c23ea0409c1ce05e1fe268933c20e5479b.mp3,0NC8FLVJ
26a037a300b17d1477096a11a0610a7e0f08a5c1.mp3,JYLZMH7R
26b2763e8da3aecc266920441d600b472b6c2488.mp3,RIK4GKEA
271c8974ea35372ab59cbcc4b5803d12f3436980.mp3,1WZYU610
2724752105412909e7ebe20908ecda973d6fd0c9.mp3,8C51NUC5
273878b42aae9d7cd8096088ab37209f17bd46ca.mp3,B43PUX1K
27f15191920d9e6022a07107d4d0c0d02c3d0c26.mp3,W1L71N3X
284f04cd8e5cf273bd59a69d1f9ce9d1c8cb51ee.mp3,GOAOR54Y
28a76f610a879ea5308b4bc054d10b08e1eaea6c.mp3,UQAIXWPM
2908b753e95cca5b0a8cc71aa5b855bd6902e9e6.mp3,FULNWOUH
29dca18a9c19fa17522e5483e0dc6ef387ed909f.mp3,LERL0BWN
2a24a338dbf861a33961f8117b3af7f7c92583e7.mp3,LN7A0VNP
2ad03bf5609f8e2034cd595d5a1ad4fa40ad9e27.mp3,CPFKR1YX
2ad9b3d177cb8a8707e4208b3017d740bf8c760d.mp3,HH13J6FX
2ae92f94794b95665d516d00d01c14b4a7c2e231.mp3,09FRLR0Z
2b2c276dad58efaf29d4e7f12b4435c432ffc69b.mp3,EY2KV5BE
2b6499e56cd88a75729db48342646a341c6daef3.mp3,WHI8WQ9M
2bcfab87d1316e215cdeeae002683a7367944760.mp3,KUUTVGYD
2c483d19c29215b47cef13617614dadf82ee3d3c.mp3,VDYUUB0T
2d0a2a97fd0e34993185fecb40689b718b785488.mp3,GPDAE35F
2d5d2606636fd40fef1ab3baef9367ceb5049f01.mp3,101DQYOA
2e0c55253b5026db638c8e9caa7f5935306cda2a.mp3,FE3AW7M7
2e61d8f067d66204eb95550742c3a37705aea956.mp3,GW7RFXPM
2e764a2c3bbcf20c22d271d864b6f473c4e21b1d.mp3,27LBEYDE
2e95c9a7dca4f83deaec0ba8f72dbe102d143046.mp3,6SK9HLZA
2ec1bd537d31510f93099e8de4cc40f3d37eb2e6.mp3,CZNPJBXH
2f787090bc22c17922847398265c560162d8d201.mp3,R5NNCQUP
2fb668b42289ab1a79ddba0120842ddbe6bf3416.mp3,FB4F11D2
30120866285f4956593841d5e398ca957efb1949.mp3,JG7TX64Q
30b9af4592b7d6ba88331e6671ddbad30b08e430.mp3,IMA12OZ4
3318f1b9dd7e312ab56559937778c4265389be0d.mp3,CI9KKFUX
3457051cd66f4703b672c44d9111ad0edf1265b9.mp3,T9CI823R
350dfd09c0ce3941db29c033f20922837a16e1ff.mp3,4C9OPQYM
354065c3aeb24f89b8b94310430adff7ce9eeff8.mp3,DLXXA6A6
35bf9b302646d571515b75679aedf58387c55e3e.mp3,4JH5T99K
35fb256113c92e539fd1fa5252d4a9f2e95759ec.mp3,ADZOX57L
362df05b78430d14a5b9c85b85093058ca950994.mp3,EJUWOQMV
36a88aaf3720a368dc04398fb2b7daeeb94020ec.mp3,4QZXOO8Z
36b6a770e92ea578cbe6958c6c84030c9fe6bd04.mp3,6FOKEBOK
36e56c006846e07316fff2898c0ee921fd779c09.mp3,30R2U0JU
37f6a7794a88581557271bce91040f2b78790ee2.mp3,FO9TDLE1
391acc377104014e8117285320bb9c377ca61d12.mp3,0U0UCPTC
3a32691516fdd23b25d95121709a0b7867420e96.mp3,CUF7PAFA
3a54b5fdc347e0bda4394031a76672cf36fa98d1.mp3,7CB59QT4
3a90c753b054158d548c24077318f5a31f3fa9ed.mp3,II1BNC8I
3ad3d78e1055028c70df1a049167e92e9df49e0d.mp3,SS4PBFZZ
3b38e4a1864b0545f59768c0c00ff54c320f9e30.mp3,OBD5920N
3b3fdb2e4b84dd6f76ef7ec7c9b15ad40e357ddc.mp3,TSMSOOBJ
3c5492001be76f0f8ba9a067709d578373fac476.mp3,N1G98RKK
3c7f997697a8b93467991f4d7332367f959bb8fd.mp3,4KPJTM0W
3c8a305afd8d376261ef4c6c58bc26352c71c331.mp3,AUQZ72MG
3d26a50e30ed65b4a2306069fcc6317dbd79e75a.mp3,TWWE5A16
3d43b8fe791a6e729044be35eb27e5911ed88f8f.mp3,KJK8TQNH
3d7a2b4e980acb77e2f59d06db7cad3c84572417.mp3,PNUG6VW2
3d81ff9cb122f1deb925627dd6e1e337d45482de.mp3,06E5U2MZ
3d90bedfb74a14580fb72a7067624301f95da9dd.mp3,JXDPVWX8
3da03d9a787000d875c46895e00f2aa90f5108b0.mp3,PSL11YAH
3e53fdee3040d867b9d5d0418852c7debca53b56.mp3,I8H4KYDJ
3e619e3dcd802d3d982943383d4591fc52640337.mp3,S9OTP27T
3f83c08b3b6551879ab354ea1ff552f24dd4311e.mp3,WW6AEG9M
3f911e0fceb24a3ee54189758ec8ee480dd9d5a6.mp3,4B93MKIS
3fa0d5ad220c60cfaa4bb7f27b723ca6af6a5ba1.mp3,TPAZ07VA
3ffaa5b6745c40017568832d53c4fc031184b203.mp3,UYCYYE51
40445826bb156a93450e8afd7fc3277a877ef4ae.mp3,DLL3EICM
40d995994eafeb22a2171fb2faa6ba941c3803e4.mp3,8YOAW851
412e178a686eb6665ae92382404d67e607b19ba7.mp3,00O6MVAV
41573d315f59c4e54ce628e2dabccb0a0b33be2f.mp3,6JOSNSJZ
416e7c8597be2d23042e3790e8a71e6541958dd0.mp3,OFL8BHNH
425e94837acddac4fc04f3c6f9e09485d3297d6d.mp3,9BBQUMA7
436cc3aceea7fe7afd88cc0c713ea5eedbf89f90.mp3,22Q3W4OI
4485c79ee4cef7923125744cc2dee3b9a1a576a4.mp3,X6SZAEMP
44e4dae3f0b19c7bad5c539afa9e58e1c987d9a7.mp3,NL4YCIMG
44f6fe47d6ba93fdcc5ba6962d0b3c8f8fa2ac99.mp3,E5Y8X8OY
45445691f415dcf4fd8a52178ebdfc7593639673.mp3,YK37SJZ6
45e36fc818b8c1c90610916f52fa7ee159de1fad.mp3,86VIVKDY
45ed887ed2187bf202bad23055583f8accb93249.mp3,QJXWPPXI
45f897ee0cb4004aae289fa65ceecd34d49ea7ff.mp3,NIHL4CT3
46800a7be27632b653df08e972e2260e0d84d54f.mp3,NPZMUOWV
46ed24706014b9bd8b40137ef387ad91507358fd.mp3,ECLQQLWQ
47104d6e1c254168f18ab513747be37227992f4f.mp3,CVF30POU
47488e5435942ed0368bc0d525418a38ac252f7e.mp3,H12WMXKC
475cf23869e500c2cf6654ee8bb374a76f603ceb.mp3,XHH5V88B
4767505dccd1bba33c753afdd1ef60552c41fe0a.mp3,LULAUXZL
4797a16c2cbe6cf3a514ae676ad409625e036b17.mp3,G312NO65
48a5d4447f2165605d9ec912117227b78ac2cea0.mp3,APLGX3GO
492cac784a1dfd301178570c6c9691a3f6f2d350.mp3,JLUHL9KD
4942657533d3d25bbe04cb9a1e5ab73a7fc90f97.mp3,0Y7PQQ48
4943b35cce85ff43b945dc8545a2adc624245457.mp3,3NG8CUD4
494941366a8264d4897e2f665156667042bc8a44.mp3,RDO3EU9D
498359073f43f305584ec6d8e2a8e01e1547ffcd.mp3,D5EBZ8TV
4995097708d152b04df214308941a773d05781c6.mp3,8D0O87G2
49cb8a21a55d77bb918d548132c18ff44f14aab0.mp3,PT8KQSXS
4a211f9b762e0533ddf1fed6707a08a4b9abffdf.mp3,6DKSNS1G
4b5c4a3059cf4897b9563995515f9e9d73709556.mp3,4C16DMY3
4b5cd1bcaecfeb0bebfa63dc7f86f0b01fdfc513.mp3,7D6R9VM1
4bdcc552531e5e404c4a4259806c40082732128e.mp3,LONNMPWJ
4be4034fb51676c787a66e70991a5a8d376d1b01.mp3,4TOH0JC8
4c166c9a33938c5164bc8151f68e3dd4d7e145c0.mp3,1ASZP6CY
4cdae9e4bc32c5d7e09f910c605b732b28b39c37.mp3,K9CWZHBB
4ce077d1fb0cc8d578e3ae63163b0ca47031aa57.mp3,O8J7X3GY
4d0268aab7654a5ca3b724cf15726919e43b9641.mp3,20U8X210
4d91de7ef8374c97fecd6e908ab15dab3889484e.mp3,UIPEA9LJ
4debe2098fad15385534288014b2f113524d668c.mp3,3L2183FO
4e21dd4f4ac6f2c5abe2ce5eccfd428d5565ded6.mp3,VUQLVS67
4e25ebb2d16838a57e221cc45dd40d3b6fd06e4d.mp3,YSYLUCDZ
4e656f1a75c2f0c1e28f6e32a513cfcdab753ce8.mp3,6GOUZ588
4e84418c0de44d041e075f5e5d34b3ec1694dd06.mp3,DG5LDLU3
4ea9ca55efa4ba397161e1758fde0991c8fbb142.mp3,ERYFFVYG
4f30fe202ac3e80e928fef73c637b44336f3fa1b.mp3,TREF602J
4f5a17b966b5ce15ab49e3c5e58e3d7bbf717608.mp3,P5Y5BJNZ
4fc1818e8c699ed0ba642da81c5118f5b92e53e1.mp3,10EW62XB
5045faa7df828d861cd110338adebc2c7914be7a.mp3,AQCIQJ6D
50b10ad0ec7dd887c7e5fd16cc8203b2b2d5e81a.mp3,UAQGYWM9
50d5b2799a8e7d511077cbbeec8565658f099e0b.mp3,AEJAG7R3
51291b60b26694cce8c944244f9e99d7a3726a19.mp3,UDYNNEGZ
5146bbce41c1330c0234b15b630537d74201bcb3.mp3,Q03HN98C
51511fa7e6b7dae9afb469bf93584da778682e4f.mp3,9E94BQ47
517d8e5a6272a86b8e197796d31fa4aefd9e0989.mp3,KIND9U9E
5229d0dfb4b64a9ed98da2e06a3db8ec8b499803.mp3,6SV948KV
52653c6035ae9b568a4159f0d2b0eb3bd23a8940.mp3,1NLOMHV3
5345665a2d3318e74398dc2da738224b0e097b31.mp3,TBCT9YTO
53da58fce89f43fe7f653d820e918611b767f9eb.mp3,2HNKSXMA
5478c5e77f7a3173dd0082a12c14ad0793ac78a4.mp3,IWQ90A4K
54a073a9715f736e387159f20e20732664cda19c.mp3,D6Q3XKIP
55056601228cb5ed1e9cdffcb8b379c73f0589f7.mp3,OMRGLJMM
55c038f0c4c504e483628041b31c4a128104458c.mp3,Y9XBAOMX
55e169f2faa9be6d5b0495f04b8c29bb11667623.mp3,QWA8SWAI
55eb4e705c1074198ca12f89841fbc26290a9c49.mp3,REQWUNY4
5627c0466f104e19b23b3c00441b484bac913e79.mp3,QBEFJK6Z
5634f8e7b22e19e9be537c066ec958f60907186c.mp3,8JN4FXM4
56d0ab033907685fd11690e2bee010e867fa5acc.mp3,PECTKL70
56dfb76589e8debba3fd4c2828743552795b3e32.mp3,K4JLOH9Q
56e54c52e412b5a61f4bab53448ad150849034e7.mp3,SW82NLTS
575141b7198f66bb2dcd36c2b22ec181c9892de5.mp3,72UEFYCB
5778ec3c87124c937a73e724f650cd26bbce5109.mp3,RGML1JUS
57a5adaf3367c4cc5afaa737fa7537b9f90024f7.mp3,XJFA755B
581a7387e89cf0e77a6139a699a514fa8750516c.mp3,QLGHEKJX
582fe367f19199968e4f2f59c790d834e33cec38.mp3,HKY3LWQY
584e7a0a800e7fa886d29d040034d5c90cfe0870.mp3,QWAZO44M
5859b018e7bc803dee6a955175f868885d133291.mp3,PUHPDU1R
58627c7191f5135f3ca97fdfd348494832adf094.mp3,H3SK6XSC
58fe6ef90d0a9b7ebbd91ffeb88b502742b3ed1c.mp3,3BVUHLEG
59104c84e8782909ff35f3071a28443fc8415bd1.mp3,M7L51ANK
59298add8d5afd95d9bcbaaa3547572260b1c83a.mp3,W3GUWNC7
5acc6f311e1577b8c862aa3a987ef5714a8ae1f1.mp3,UITD7D95
5af46659892965064bcffe4cd85ce396c8b9d437.mp3,4G2I861N
5be18bde2f24188a86cf1d55975af2e9e4f63ae7.mp3,HSWYBC8V
5c2b26dbb65953559b0e77226ade04ec27a2d739.mp3,IPFMH2DS
5c51996cb80c0c77696690b234d8d6961c0b8581.mp3,NEYYDQOO
5c79fc8b58adea6ce57108dd33b095135ef777fb.mp3,744AHYWJ
5ce3fdb62e912ffd851ac4756f85c831072edb9c.mp3,5JBCTAB1
5d3315f0ae881114234b6d7715dc0bddff6833c0.mp3,M57STBR0
5dd8e3093272d5f6178ca757cb09b23885018e19.mp3,NCUH8869
5e05b397859c650e2108aedab68947f17c19a9ad.mp3,JR1RI7ZV
5e148463ab339b4d48bb70f18fcae4ed4320a581.mp3,TU01M0J7
5e90726de2148bb398a8e97d747ff8bff0200f74.mp3,98Z85UA4
5f12b10adaf7d4a9bd7b8bde5e5c3fe02e44b333.mp3,IMVHKTNW
5f42137bb3775d44fd0aaf4caf466f2ded7842b2.mp3,R1K42VRB
5f7b236ae0993caf63667f427d3128c06ffff83e.mp3,7TC26NET
5f856e84279877cbb217df00b50ee837b846b3db.mp3,5LYFQCER
5ff42fc0b1dc013812eeed0943946f5aeb33ed99.mp3,O058T8FG
60d6a69cbce23ff2d8085166b0b3db4ace7547cf.mp3,ICCFLXZP
611f1981332e5e505697694089971d6b8c932bb0.mp3,5E2VG3U0
618ffc42e62c2fc5dae7368a89f30c559533427f.mp3,CVY7DHF5
61e313ab01e798a5d0752ebfa7d9aab7384b77fb.mp3,49GUTSZ8
62764ea492b5950d12a31723dd420e29a40673ad.mp3,XT1CDLJP
63ae8a2c0568a39f63aee64a9770064cd856c0ca.mp3,VI27NHAR
63b132208cadf6bd61eed49e245f0063545f136d.mp3,3DCLHPQD
6412d0db10c9d7442fbdb71eeff074aedeed6a58.mp3,HD13S1BT
64468f8e18bed7dc4a05ef8f4e04b0d470619857.mp3,L5Y49Y79
6473318aa796f3d6b06f29a8943336a9278b0192.mp3,GNKGJNQ2
64ceed2294429b05958e04d78f6c8e8ab7dfa087.mp3,6XZMZG8D
650a38dfeb0c6b09cd33ebdfc707fbfc4ff5c2f3.mp3,5PULJB6D
657a0df34a74d3dd52af72581bb47e7d0d8a480d.mp3,N8KOO5IM
65aa83ff4ab84fc4b72788c01b64b3d847bc2217.mp3,KZ14ZE8O
6695b05b905496393f4754b3fc8bb4a1d8704776.mp3,BPZNEOUY
66b2124adc304bfb555987afb71f22f89742b4ae.mp3,N12NNS56
66b70dabaa5838fd3a01eeccf463dd79049a2b58.mp3,L3MDM037
66b91217ef57277dc69cbe6f572f377d51e9db09.mp3,GY1VSHG0
6750e3b131539d80b5fdaf30aac946e07bbba4b9.mp3,M4NFZEK1
6755064c74b67765cc6f8f0ded46ade9c7371740.mp3,YQNEXV70
6757a8332e04cc035b164861587a20606e35c9ec.mp3,NL7UE01P
68386158b262d7e2735d5b4413355cefcee02cef.mp3,BTCKKAMH
68730cc2f6b2f5b778bd887f1cd4a45ee6cfe5c3.mp3,M9M2LFL6
68d73bc090a0f2c47f035434500e847f5311c1ef.mp3,YR0901QO
6adcee50baa6be0cd3e3f14e7282efeeb6c4841e.mp3,E3CL0G9T
6bac4e1ef6fb4c9bd246851223a4529f1f3723ed.mp3,933R5U63
6c297334ef6d93c3f54141a9fd304c22b4432c3a.mp3,KUX6UL1A
6ca317246bb91be0691462a6239addee259a3ecf.mp3,AWI53C16
6cb90e11ca0e5f49c8425e622a6b89b1a941fc29.mp3,TI95MWA3
6d577152101d35609d1761845865f971dfb46756.mp3,KBRYR8FX
6d764e4a045874c7a7cf75c17fbea06cf2b4fcf8.mp3,KBROF52K
6de5f971736471a060a8b8dde4b93fa3bd9e25db.mp3,FDKC72S0
6e752cf4dbbcd5645d7ac81af365e05a04afd854.mp3,TR1TPIG5
6eb4aa84757c4d47ff018d874f79faf4f91eca79.mp3,JJF7NYPB
6ee9c8c556cd8a62966bcbce1dc72710a75df0d9.mp3,UXKDK4LX
6f0e15add84778cc8f40d4ea4b2fb0bd1576be13.mp3,QNL50K15
6f35d069176672090b196f5d97e2a3f33d1ba776.mp3,XV07PQ09
6f45da5fa7c3b6ef090c8554e47afb3f3e2a91b1.mp3,ZOG2VT8M
6f57949f63535ddd589e41e081a619dc8d306819.mp3,1MSO6K12
6f9bbf18d3f1c6253baa321fff381aa0da7e55b0.mp3,O3HPMFWI
706f34b2d223c5eb800ac05747dd5ac1c11d201e.mp3,SLHURYB1
70dec48a3387be89b291c88444cc218f99e637ea.mp3,HI3HKV0I
70f6cbc7c3f0c3d7c72b65ad0e9341a6e22080fa.mp3,BSQTXXHL
718c248a15bc18e6b2a1adef3457873d1e01c0e7.mp3,X4TYFFGW
721e15ceaf56c3a53ea2bb1fe9ccac0e382c503a.mp3,IRERGI3A
728056bd318f37abd005c7cb7d6ab43744ee16eb.mp3,M5BGRWTL
72880ea61effd09c62a744ae5c674b22c703fa68.mp3,6URZ6K3G
72bc1ba1659bbdbe01ca2b7288a321c960434de4.mp3,1J97NWII
72c98e1ae902f8eaa901bd4f35bf9e8ae25df007.mp3,90PLAY0C
734b9e86896d3f8835cf7762b1bf25d612dcd81a.mp3,BQTW3HAM
736e0a4b45797110626f9895d217a961eb9b6067.mp3,TLMMP9AN
73adca669923b59a6efa2717a528b96802137455.mp3,GPAWQGTC
73b0a434af9f4628bcf6bdeb601baafe62daef9c.mp3,SOHY471B
745524b775ad51a7c6426fcad689777ebd4c3b5b.mp3,7KH4PWYK
748efeba74fd53dcab0840bc767e21ef65aeab28.mp3,RSU5KCW5
75590b0209db46cdf73d47e9f0994390c51eb1a6.mp3,FVHDLN7Y
767cd303c412cb9570c4b4a09021a981a396c1e1.mp3,TL47NGHD
76839b392ca3430a3372e3d672fcc9ece66c5533.mp3,4QCDEOEF
770b490aaaa903d5b79388af9183a07f7aae5cc8.mp3,9QW5GTNV
776bcaa6e373cde1bb2ea5a1a26ab8a43fb7e705.mp3,N5QHEYQF
777745f0f80422f65a473d6a68d1cd997a7523dd.mp3,EP1LUCUY
7791375f6ab17d9cf9871b484eaceacf81214847.mp3,S1V6IJHP
77b02d693bd1134059398af3699c1752790c1658.mp3,TNH8RRJQ
784a952e0f272708e0e13d8b4ead113dedbc3014.mp3,L59OIXG0
7879d4a0e0ea1e9985bf42ef521601f18417ed31.mp3,B8TLE1RO
78d2d0d1639ed642479de0379de9d4a6e307bafc.mp3,KKLQQCL7
79072900e8c2e07a578efdb442de04139b82e1d1.mp3,8PAS3E3K
793f6c55b7f46d6c4ec9dc139a033c1dcefd7f73.mp3,Q215WIF3
7952ba9cea2d76a30a10ee9e2208652f36aa5be4.mp3,7B91X88Z
797f0a35be10b146b47f6cce06ff3349f2593e48.mp3,TNHQ0FRB
79fdc957d07edfe0baa3de6f92d8c6aea8156f91.mp3,BB9PIIJ4
7a06d3d64a090bf9c0144f9b8f1883e3871b13de.mp3,PO4OIYMO
7a785eeb020b4388817a548cefbdf9962dfb9b78.mp3,DXYETPCP
7ad845ebd4371af3b064150a7e7348357c6c8b0e.mp3,TFID513V
7b122afceae83e4e8ea0962d712c8cecd385bf9c.mp3,5X576WWS
7c51041a8a1aa93583bc258645ae3571466346fb.mp3,EN846X3E
7c8ad4d7c4b1e76ea336e4ceeea2c86cf2cf9d71.mp3,ZVSYTCW4
7cb8f90b1bfc1aa8e70717abe16b87bce26b83e7.mp3,O74CB2K7
7d6b46f4f01c4c4eda18ad91dcc5b45165ebc20b.mp3,6377JDX0
7d8ca0cb7eb495faab3ab9dcd3e60c28b8eacb54.mp3,0V4PR9RE
7e054abb7f1eb5e7390fc270f0eb2130547d464a.mp3,54MG0RAZ
7e5830b83998aba1ebf43897ef31eec6beaa21ad.mp3,C5V6NZWG
7e8185f55c3ce1bcdab6c699206e4a85a1d0f1bd.mp3,CTVRDNDC
7ea2e8cb5dfaaf139108e6feb6e38b7e59ccc204.mp3,N404G5B2
7eca87c80da460d7be91e318c9e48c06647e05cc.mp3,DVFJB9RU
7ef701d3b56f882869c03f3fd1d23223648e6eff.mp3,JBIOUNWW
7f14c59dde6d3c8a8cdc0312d53c46b3bacc0329.mp3,Z5D2I0GT
7f20c64fea9d69b658342e4a6c210c51161e5c74.mp3,785YM7RQ
7f3f1fd9401744a46fd6bd660f9c822e4dc37f04.mp3,GTF7GXZU
7f827cc773c9c2b6400e45adfb24760ea9e59edd.mp3,Z73VMUVA
7f880dba6cf74a6602d2cf8947eceb03bd97cb9b.mp3,CTSYXEBQ
7fcc68fc6581cf673a4eb7f76508f03f8915d97f.mp3,JC5JFI2Q
7fdf3b8c49910406ff59e6b84cdad99b6388e4c8.mp3,SJ6NP1P9
801c2aa3b099b7f221a1a4f35e3e840b69523380.mp3,1XBSGSOJ
8031877b64af664ba19d333b9c8605dd5e9ff061.mp3,VN4FNOYP
80342965ce158937a9621e41e8c7e80ccee6726c.mp3,Z4F6ICC0
809c9a97afea7537feef16897e86eefa31e19b3b.mp3,NT6DXHS4
80c9e8eb8e8fff40e6f1e42d6195e00f8d721cdc.mp3,XZL26DK3
80d78a48d344362df17f292f38c94df0116a787d.mp3,LRFMKG00
80e16ab33e5e23e337e38d6e94e29fc966a20053.mp3,VRSZ1M6V
8138a1582bb439ea175a4b81381223b31379facd.mp3,9L9EN6MU
82daf788d497c4ad3757c3ed692b50e7ba273fd0.mp3,28WPRU4R
8382a96b60bd48a914952de4834cb88ad027da12.mp3,P4TAIT8U
83cc5c678eb24e741e11339a469e424cb704b043.mp3,HJ8M848Z
840a8ef89e8e15b88c930715c48c604136755742.mp3,810WKJ8Q
8414d457fad1a30209523c83bac96d19304b5afb.mp3,MXVCSJ1S
8425275d3383d6fea786df4894f171fffb123646.mp3,5AFY9W9H
84cdfc22f6211b2e1a74fbf837faeabe095975a6.mp3,W8FGPCO3
84e21f8a84ccdc9d8640acc00bc611506fdf1c62.mp3,XGNHTLCL
8595a24acd3f11326335f67bfee717cafe914029.mp3,IB8BPLY3
8599adfb2976b8857c0f93dff0607e072f07f95d.mp3,I3BA5LKT
862e4c6d3a17a1a96cd1623d9a5802e9dbbd5c57.mp3,206E0RTB
8640081e77d8837942f8dbf4ce06ddecae68fb6d.mp3,NYCOXRTT
867ad7827258244dab105847705f932c604c77b2.mp3,QGYZKY4I
869efded3d3caba05f3958e1b457f547c6953e1c.mp3,OZSR0Z7D
86b709b8524b9c9a43a7f25c70c334b8c544dd0f.mp3,WTYNFRMH
86b8b2a8e56c706f7ed9b82c05d3b7c24f7602c3.mp3,XYV580CJ
86d5bf1f8507a2fe45f663bf8445767556972dec.mp3,BUUIA8LC
8761d1556ba524cc493c1d655490655f5918b480.mp3,DGTRKKWH
8849c7421e397417bc76e79b7f00cd8dac961d90.mp3,IG0A2PNU
884feaddeb0df3beb97610390075f3a5576641b9.mp3,HRL8WROC
88e5fae58b818dc631465e56490c4f5790757190.mp3,37GLM7GQ
89418d136331a5200d70c47b2ad21558b46545dc.mp3,LC5ATXBM
8a322b331acf8654405550d7fd40728acd764c9c.mp3,A2QTAXSZ
8a8f90e524994ec7c5c62139d79eb98a15dd37f3.mp3,LVY1PE5O
8ae245f92cf043f0f964956aac18a8cde4c06b7b.mp3,46OM731M
8b359526358d389b53d724cd3d53712e81a66a5e.mp3,XOOJL915
8b403e776c4c68e035a1670f3b9291836b9bcf7b.mp3,A2P5BPI3
8b42df9a5c10180d4c4df622e3b61c23b0802318.mp3,8FJVXGY1
8b6ad40962b46ee6b232ec4986beb5bbb4baf045.mp3,XYDPGTLZ
8b7889f70fec4b4a2552c0cf290074ebb9463cea.mp3,A2VSK9UO
8ba52e9d9c303b67e8d381bfe191883e0b30f653.mp3,LOM27122
8be80bca624a9258ad892885036433be241493f5.mp3,9L28E68Q
8c34c45a68e9052870fae2edb6051ef2d78654d7.mp3,D1XF3NKS
8cddde219b7904afa7c6f1903664e047724a80d1.mp3,S0EJJ9H8
8d7262d32497f792f8cb4736f8f9c7c9fc6d7af2.mp3,V4F3E8WI
8de0df750c4aa10b134ccd5f76977ea6aa5de100.mp3,64DESX7N
8df4f97955c8ebf7ee8585472b3fe510e56cd71c.mp3,18WD4PMD
8eba56ce60e3aa04a38e2103f4a28c6580dd231a.mp3,IA07C3JE
8f77b0854b4feee1885efbb3f7abf55592a855d9.mp3,CJEYXZ3O
8fa16f825fd3779536399cf81c8b0bbd4a3b0fff.mp3,KETNPD4Z
8fe1169ce7264781fd7623b48df6236e7d5d12c8.mp3,3RZVAP7J
901b49de0677328eec06d4d54acb6bb8a3549102.mp3,F6KEFXNV
90e0efe6d3ea9ca42556c1c748b6f959e5a05983.mp3,BU6NQ0TW
90e2e93339f62d926c00c9990482a2145c2621ef.mp3,0JA26XJW
9122f8802b785f874fc1263eb8a8f84288ddffbd.mp3,GZTS1YQE
91436b5f260af38fcfc40342420179fb030a6a40.mp3,WPEO1FKC
926f098560a17dc8d247ee43a11f69e7f3f152d6.mp3,JYHAGR2W
92bc7fe1da5afb799f782068097b785931b2e835.mp3,UEL2A9P6
92d95aecde82ed283c4b4a7dda1388fbaa2a9fac.mp3,U830ZB0T
93ce9f79a98c9bf23b5f0c820ec500cf30942e14.mp3,AE566UD1
941c4decfd0f22f6f78cc2b636989777240a364f.mp3,SJPOXSA0
94c480e7adec68d12659ee4e120998664f449821.mp3,P4F3L8TG
952a4466f5d05f8b87f3ec54ac9e4d5221f7f03d.mp3,FGJOZXV4
95f812dec2236ed63c21be45fe206602736cbed4.mp3,A7LRKHX9
96697a95868c96299fdac7d47652f27013852292.mp3,RU84HD0U
96b9c344f2e52d5ccacf296e505e7976990c084d.mp3,ZX9ZE6IS
96ce57c0a967230177c1b840749f49101896028c.mp3,O70YGE8C
971ceb02179cd4f97f9c4a77bd532e2c4414fe62.mp3,QQ2ZLDS8
97635c0851fcff83b2f528c2e1b58277407b7450.mp3,C7FJJ5Q4
979988235b66737d2dc5541c17a3299cb08f4192.mp3,5C66SZRS
980f1e4da5a9728f6b49600bd1995213c0e64a7a.mp3,8OJQODH9
99b5ac9f6973f35a8f03530b7b99cbb415dbba6d.mp3,E9UANRH5
99b91098617f0277de394ca0c3a67c27be402685.mp3,DWV6VOLT
9aa7e21db3780a9008de48460f5accc7809c45e9.mp3,69GVCR58
9aaf2bfb0c66a433b2af6309c377c7617b19dd1f.mp3,G7JZWRSR
9b71bc200dcf462d35722bb6759326ddda95b5ae.mp3,MPXZFKC8
9b78b02620c8119b1f7bb0fc83afe62ab3e34570.mp3,WU5ZKKGS
9bd323e3aaa25d055656986c6101c237726146b5.mp3,F1XM3Q4B
9c0e5d892ce4977875ad5cdef92ffb6a5fb33ab4.mp3,DZUS4X86
9c81a45c6e3e4f51495535dec9d957578be9fd06.mp3,HYTAE8PR
9c9e22416e1d7f16787aaf09c0489d108ba60e04.mp3,63WD9H6G
9cb2a62aa66f2131978ad8fab1b739722fb2266d.mp3,ONNI35OU
9ce4875dbba9c78717d99c320ff8ed028ffce52f.mp3,PFF96JSB
9cfd87d8906ab53b9b62c16c8da1db2a2a5c566c.mp3,56SH48AE
9d423afd4366ab8c920bf276e4271c51af7461bd.mp3,LXGCSD1B
9d54207eb51baf44125ddaa6c0148e640c107d95.mp3,S57GQ3O7
9d903ca6d660857fdf842e82790c8e12a572b816.mp3,JRNSCYM7
9dec98aa485da5ebef9c420c0a02cb4d1a739634.mp3,5K8U5VCF
9e9fe7d02af894e5cff5611ca3419385ad1d4297.mp3,E5B0GW9Q
9ec3673f743178fabb285cf25405985822248ba1.mp3,NS9MY3X1
9eca1ef09d8d77ccf722830ec07ba7b29b1a5874.mp3,29MQJSR6
9eeca018886b4835603e5f57b95f9114727acf64.mp3,C3SMBJP7
9fd5fa337ec3769fc26d84a5f49961fd72db4e98.mp3,FNWOT3FE
a0ca1108aa94f176d72f86537f3769ae1a1c2a43.mp3,X6POPLLD
a0ce43e9072f21ed0965319d01862e3baae8701e.mp3,DAWWQIL0
a0f43c7c0ab477c9941a9bc8c14dad045cd52573.mp3,0DZFFS7B
a110b090c5885d65dbd0de52d4b158315827452b.mp3,MQR2982T
a12f50d9b36afd108a58c6d37a99a781b2f57a72.mp3,TG9S9N1S
a15764ab5ff7f4784b7cb2849b62b24d61723d71.mp3,MY7UTN5M
a1606b002a8ac443e089217ebd59835f709d3068.mp3,NLWC51H3
a26676e8942010188402dc70b02863b584c59d1c.mp3,00SL6KG9
a3e6fab14297987c92907e7f08b69942f0e4d844.mp3,BBA3FBJL
a41eb87c899ee143d6d44813be3a352c7224b0f5.mp3,Q4GHZJB6
a4a4251fded241c5a5fcaffa06229a2fd8611913.mp3,Y53ZIA56
a4f946a30b17dfab362918e90a035ec7c0f5ecc9.mp3,P6FFCAQM
a52027540b175bc2dd848968ef7805807bf6144a.mp3,OBLD6CZG
a540be64ed0c73a88b0e29bcffef03d7ec4043b4.mp3,2A1FQ010
a56b495d8e8572c2425590fe6cc883e1aaf63612.mp3,SRL6IGN7
a5b003d9281b66674153618f0f9c71022cee41eb.mp3,14WZERSX
a61d5c80af8c12f1974758eb96b2d1a9967bd241.mp3,WT9K15DX
a670e5899d81fcce08e068768122b42b9a33ce58.mp3,65Q3BLG3
a73db839c1fb523bd642db477ec96be596fd145e.mp3,JMSETOPM
a744db0b3933f879dd6b79b4e7411f91963ccac1.mp3,LXV64CSS
a768c6f34191e3dc97db1355b7e47a078b08c634.mp3,SRSX9OWE
a7731cc51c5508274813c8adade7da5145e9fb83.mp3,AKJ1ESH0
a80f5bd6d7a6a496dda150f99adf0beb71997ce3.mp3,PU6M6ELG
a83ff06b770bbb80977c169a21f32ce5bbba5347.mp3,UQQ483QP
a84608e6692fb96ae5b0648b6090862d0012d051.mp3,Z83ELGNP
a8ed4a0b1e8c79181868805c9b1a591a5afa8a9c.mp3,2BVQ3DBO
a93b91142b6f4c5609e672d1c6966d20a118e9e8.mp3,JS5EJAQE
a94739ad629ad0159628b05dcb2ee2a9a202a900.mp3,KT980P2E
a9c31d30037c6c9ca7ab2dd086d6635aa42d4f9a.mp3,YEXJEYR4
aa1f4fd733ee921e8ce755343ca5967859594539.mp3,7TQFXQXC
aa2b42e615102c69ae553925cbf0151807863209.mp3,XPJEG6NG
aa3e5f360f9324303bd7500fac35d465acc7e67a.mp3,PTOBL5QL
aa543e2173e9c37f4c7db700d257f02b54bf9585.mp3,HS0UWTVM
aa9eb7fc38268bd097b9852715854ad1ab126ac8.mp3,QBJUU9S2
abdbd549411bff8bcf80a67bfa36cfe70ca7f865.mp3,V77GYTOQ
ac36fb8f3646d33617369311490d60c420ed419a.mp3,GHNJNJTG
ac37010fed49a98037dd18120f9bbf0a2f7d3cfc.mp3,LQVVXU1O
ac65d77d60c9ef2df2c376266d98817ca363bbe3.mp3,VBMNXA5E
acbda9896d92f2ca5757e456c19856a82797d5d8.mp3,O7XKONJ4
accc998a4ec7e8644ed2197964c966badd94c125.mp3,RRVFWCDO
ad016845b204a684fff7e73a7fde6446c6b7260d.mp3,BH9KE8X7
ad28e634b91d6514ffdfad22e927d3f2f6e1f2e4.mp3,L5VWYMX6
ad4374aa8f297897401e8d3b2946b99cc838e317.mp3,A5NT37O6
ad52f9f16431ba80d77aa2b99cc9376ea9dddee1.mp3,WMAN391K
ad7b71555fb915d6ccb4babc9920473d35cc0883.mp3,F2JPX0V6
ad895053840ca15449905684215018314de1ecc6.mp3,AV04HZC6
adb7d2e33fcc3549e883e06adc0515c04ea5b835.mp3,KV9QIX11
adbd195e210417bbb27848ba809d4018a51a59f4.mp3,STYAFD5F
ae590f5133dab9cd8a21719918df37d215b3f95d.mp3,DGEETUCM
ae9297db3f089f88161ef1a7bf192d204a31bb53.mp3,7WWTY8JT
aebe01630e58ef7452aba760aac7fe054732b4a8.mp3,ESB3T7YJ
aecaa7be3cc5ee10526006719690c075c6d49a1a.mp3,YJU84WMB
aed2616fa14db5780284655f0993f77e7a69936f.mp3,AFWLWWVW
af5a0876f71b1a37d32d0a2e7d9ea140f144e2cb.mp3,QEU9W16R
af5f6ee9984d0acd77230e48a78183f0a5d94c9e.mp3,5AAWMTFT
af9014f02e344b85d5257ddacd7b8bfdae586f49.mp3,NK3MGDZ0
af9c1e8d2c8a622225da8c08b236daef50ff18ad.mp3,KDAMHNYT
afc9c9d0d6f81354456ff9557d721bc93b7896dc.mp3,FTNY01A8
b0a732d02c016d1b7ee56c4789bcddde65832cbc.mp3,E57EQW33
b100956eda10515a02bcc2bb7bb0cbda96292d7c.mp3,IUGGITPL
b12c4ea2b59dc718963e8e3ac7026ac18676494a.mp3,2BBDGTHA
b16c98765ea06a68ecde885d1a57a1d7b73a4f3c.mp3,01WNZRKA
b16d5bc79a0ad226601ef094a6cd6a5b29533103.mp3,WY13LWUM
b1ba79a5528864264645502607b9711cc6e3afb9.mp3,4FLKV2JF
b1bd2108e0f64b18905d650b37cdedb2a8885b0c.mp3,T75EGZWE
b2022333145ca511429a5a29ccde1dbd09bca246.mp3,57WEZ25X
b2d7ca827e6e69f1fa6ca3fb8e088cc707a550b2.mp3,F25XZRUU
b45b84fa0f2080100ea6149022c6037248bce068.mp3,I5XVVJ21
b475f0372384a48515a118a1fe2cfa71b39da049.mp3,2NN4XC7W
b520243a46ef45dc6222fbd9238dbceb9c425e07.mp3,FPK2LSWB
b6524d107b110a01f5326e72b3bd5b1f75301fe2.mp3,M5DLDTSI
b73f5ff501049db8eeed548f9c4788c3563e34e5.mp3,DSWDO59Y
b7513060efac6b724888a6ac9c9f274e69b0c66b.mp3,AAREXDMI
b781e3feba9d6a27c7bc1ce1b5f1850f4f8e26a3.mp3,3DQWM71F
b7e06fefd2a1335c37affaaed7abe94fb895083d.mp3,Q5NUVATQ
b8a4462c9eed49b4987c0a72ec2b7405005e8c12.mp3,H9Q9GWZ0
b9462522cdfeeba4379dbab5a8ef0b8262615d23.mp3,69R8AJBQ
b9d1c8f7e900875843b3007b26c43ff51059761e.mp3,T0OR0LPO
ba0b226269182ac57b418b067fcfe9338af3c0da.mp3,OHCRQNX3
ba24a420690b3020b2f0773c5e70932ce8832f97.mp3,S06WVHX6
baa64be42ace57539d92a9f648f35bec1f4f4712.mp3,YGBNGB96
babd03971a2133962828422924754e7b7d33c112.mp3,K9127W5J
bace306922e55b3ba437ea32e13828b56ff9814e.mp3,SJAQPINK
bb57501dde219fda09c63e153be2f88ac419d193.mp3,IQHFRHO2
bbbb1ee88108f7aa493888f99756f233f9e1155a.mp3,397UF51H
bbfad7e461aa1c0c8a8c563f6cca44cee17a34cb.mp3,XK9J8IU1
bc1fe236849365a3b9e7866f1e571b6591c2e4e1.mp3,M0TKXYIT
bc34a913b54f09217444dfc123fd86fc858839d9.mp3,0D00WSAE
bd04b13617d2169b4dbaf1c390aa39b60335f5be.mp3,HQI85Z7D
bd3a6402a9280eb28db49330d128ed5b054fddcd.mp3,Z6P7Z10J
bdfb1e1b21624e9fcf1b1706c9c8d48488eb1893.mp3,XQ1WFXNY
be24ffbf2755f3df06c67cd1b2f9eede5cdb28c0.mp3,P8WOWWAZ
be55f36ac235d05c6db054b7b50bfd07cf013140.mp3,01V3FHDJ
be5c93262062b88fe1ecd951f6b617f801d1315b.mp3,4KXOY8GU
be657477e4ba93089e9aa96dafc3b8d8d49d76e9.mp3,GZVJPWAB
be823cc9de382abe28059dda670395be3f5f2531.mp3,AN5IZFQE
bec8f54b025fea1cc304eda8d57c2b2bd7860560.mp3,3JIMP8S9
bf0a3cc049f53fd6d90eab7db5080c6dc49ac59b.mp3,FXUTJ6G6
bf7f5b09eb521104638fd55c348e9a6c0cba2f3a.mp3,SB2RHQ0J
bffdc21b79bc49969acc3aabf5f5bcf8522eedfc.mp3,YKUKIVKB
c010dea93232ce3d98d648b92fdc3f318c943bf8.mp3,T0MV874R
c04ca9fbd3706761d6fdd04c2c8384c5f22e2258.mp3,8D1V9MUG
c08406c9d2a2b65fd1320636679edb6222d82a65.mp3,4TYVPABK
c0ea6b1df7efbd25428b5a2ecf8c2f152bc1df13.mp3,HFQHS7NW
c1111cb3c5b401b9e056bb2be5361b3ceaf99547.mp3,6HI3H0O2
c17e95211873e2af2b451b8db3d94c3bbb704d05.mp3,WT9K5OBC
c230170d79b58deb96041f011b635c1035856810.mp3,MEA4DUL2
c29b576e2a7fface189379c59b7b149b283e0fd7.mp3,3CQ1UXH9
c2f66af70507b58ad1080d319e2924f78e8a1731.mp3,BDDMC6B8
c34aad0c52f0be48c603fde84458dc5afbd2e03f.mp3,D0NHWVQ9
c3a0c832508afef71417ada8a756000dade47e36.mp3,0IVC1MU6
c3bc4b348dd2c895dbdca88ea7a19c2ad8618786.mp3,J3X7TJMG
c3e55c9410a58129a003e4feee405d6e56ec64cf.mp3,OJEM3D1J
c3ffbd8299ddb9101e9ce6626ca310cc95d652e1.mp3,HFEXS6R9
c43588494a54dc303a5a8ce20c0c2f687db7ad91.mp3,KUA4SMP1
c4593e47ec82cab2e475de301109ec0cf360e87e.mp3,MFRNWMF3
c5849ce587d963ffd4f3a1cc453f43d815fab329.mp3,WCAQGVXP
c5dfc6171501b582bc58923f43998cc42839d94e.mp3,4XY41P3I
c634dffc3c0965a00ecfabafb28a2d0654338f53.mp3,8K3X4BZR
c639b78b9445027dd65ff254a7d4930347babc31.mp3,SERDL7SS
c6999ab1c556967ae5218edfab19f5affd88463f.mp3,MHJ5EOHF
c6f6eb3b872f604909bd9d7c473a200cce60c896.mp3,G8DEOPXT
c704ab3f9e45f02258e04091ea4b5728db2b6498.mp3,PI3RXRX9
c73bac3d679eec9d58065fe9dbe005819de16b03.mp3,8SE96MV0
c73d0c9d3ff15399cf6f1c28b59241e8faed3e5c.mp3,8K7DF8R0
c75a225a9bf3d9a27e3d9da855436fe89f7c9b89.mp3,9SXZ987Q
c7b0750d454fd08254492fa27d3fafaef454d34f.mp3,ZVISGLQR
c7c2a363c8452a9d159152ed6ae742b126d06ee5.mp3,R6PEE5R7
c7c798c47029f52c4238757f808ee87b9b711ad4.mp3,HHOOMTDI
c7f965b36b1a115b1d136f9f4ba5de9ff8d70c6e.mp3,PSMBI4C1
c89709eb85ca3acb246636a89d1b09713f825520.mp3,IFVSS6QM
c8bf3b53c3cd78bcd25bcd357d2845d3039b9813.mp3,UHCL7LBF
c8dd2e6ff5e74eef46e70825b1af71be3b3007f7.mp3,F0CC1U26
c8f5e0a9af767cb49d52fb320c334a1cdfe18b3c.mp3,33GUBURH
c911583189cc5ce20c775bd303b302c23b95ae6d.mp3,16TYOL1C
c965c96ecd95633aa6c133865a90b23cb9a14564.mp3,0QDCMNFW
c9c20e63b53a4c162e06dac253832dedb38778cd.mp3,90KNIEJN
ca43bd9e77c97df372f3168d194054c3c25af23f.mp3,QUWKMG8Y
ca81621829862081c2b03a054e96ce20d82ee1c1.mp3,WVYO8FC7
ca9c51d23c1bae62d4895d0f805dcd8592fae07f.mp3,GPQZEO9V
cac867e6ee0328201ba934e9b6fef31bfe97644a.mp3,ECKNWT2L
caef824e4ed018a45f19c89e11970a9af898b142.mp3,OVPYFOCK
cc49af3d56ec9d65acf3903fc88e59323d1a6c15.mp3,FMCCY58G
cc69be85380d2a139e5e166f231fb1831cc4d873.mp3,6A7NMEUD
cceddcec1391a826730d8e03a222c55f1384405f.mp3,KZ360CZ5
ccfe37e4868c3beecaf2d25f50556a56488be095.mp3,SYQ9K83Q
ce7a1623594a8f35f23d70733e1f458d0a627572.mp3,DWQC0SIM
ce7d0e1f6ac274216d98068fc0a521580047f266.mp3,N88KN84L
cebe108e92b200a835146cd5ab23c311aef6a781.mp3,ZIVJLC1Q
cec69d8e1907bec130787957a0dcafaf2a1990a6.mp3,TSX9FI81
cefbaa9aafd605a3c443d5c6d312d5a825f45057.mp3,G6LYI4UR
cf19094aa85d17398b36c74e1476475d2ae8e758.mp3,UV2Z9CTP
cf840ccca37751c74488521a67cd21293c8799ab.mp3,A0GBTJ71
d009299ef69ad23f89cd8b2b3f42d91971fcd89a.mp3,MKYSDWE5
d01c010988d125aba8636c2b87d850e5614a8e88.mp3,25QO1WNR
d03693ab2594f6e151d75781e2ef64a2bb32c21b.mp3,MLACHD60
d0b679de85786e1b0ac7f400c4a993e3705e6500.mp3,7FWUTDPT
d0d50d1358560abace25136a84ea15e377511156.mp3,FN3LJME1
d1775dcb9eec533a409b456ab957a56f7d703fe4.mp3,XSZ7A2S3
d31a6067fe9c186d8bcca18f94f56e853e2da645.mp3,UYONLY0H
d3bdaf057974dba769fd8f2a3790e60c98d6f104.mp3,SJLT4DKF
d3d9a9f9d2f48640739d76663a29a90356b6cbc5.mp3,NPRSNFSD
d42300507197ddf32cb9f8b36d8c18540a14f8b8.mp3,V788LN3Y
d47ee49758973ec607731bd7551de62a44dcb336.mp3,DPH1UEE8
d4b29312a2158f30ab5ddc16345cffb9a386f3c6.mp3,TCX1B301
d4b814b7c9d68e1f1e72a9775f557545b38a3f60.mp3,95DJGMP5
d4c3160bd7764029a2249f8fafad64cb0293efc8.mp3,50SG6IEV
d515d5a407a70db624c083d9fc6ba46181b7a3d5.mp3,FQAP1A7X
d549fedd9c47b41af8a590d3908d7d60cb15ca7d.mp3,260SHIRT
d562c1e07a759a3939a3ade7e1a59324bbf88fd9.mp3,QKRRXIJA
d56d744c301f350143c61ccb592839f040bc1541.mp3,7CODWXPY
d5df0e0bf2f7b8a9d6d38f49e51878b323f6d1d8.mp3,7GII6Z3N
d6023ef96f009748ede745e3189ece5da55f9982.mp3,MGFU8F8X
d60f00c38dcaf2ff9c37073f70e87865aa0e8396.mp3,LR9BSTSA
d63ebff44a8f160c6b196047ee576266a34863f0.mp3,HH4ES39J
d665e4372a5cd64a3762da0034689f23ac8ba22a.mp3,R4EHWLJQ
d6a688ea36c328aa9600d3adac60f5e863844802.mp3,5Q5SLRTZ
d748199f70ac4c58ddab01c6729c93a49cb4fb86.mp3,1WT1FL6F
d78f30fd37c608ca9448f20bf5ed741bb3c4602f.mp3,TLVMEZRM
d92f6d03b2d5071c2a90d91b7a4b0a2ba693398d.mp3,V0KYMBHV
da23b9f048e6ce4bc19ab2bfe46c08c4357d4702.mp3,1OW8IYOG
dae46774d03e155035a17380d9a7d4bb69ef3f69.mp3,TFT4ZPLY
dae5fa6a079bfef377ab5ca5026e25e04522c6b4.mp3,PJ448BHH
db45a7a287a04e4469e2bca382c1ac291f963a19.mp3,XROM4QL5
dbe93afc10f17b019ac8da77c62b9219af495064.mp3,8EA166WW
dc4bda0833d1db45808f7a1c443e072528572972.mp3,M4UCARXM
dc929e33b1f4d34ba539a393d15d09942dfef89e.mp3,TSAYPZBP
dccae82535735eeed882e5054652e4ed9fc50879.mp3,DH68ZX9H
dcd0d0958ff23c117039d63105637ffc2bf6552e.mp3,EXDV4IPP
dd7ccb613610722a3f09caebcec86ec77eee6133.mp3,QK410LBY
dd7d6fc9da0064d78a3b2abdebb30d7f32692d78.mp3,LUROZ5FC
de0db626e691bf165cddcfaa31ae4f8bcfec0586.mp3,NVUS9OA9
de43c6a9dde0defddac4c0873d002589baa36326.mp3,3XV9QJKR
de5cc03b78b8376f1d6603f611ce7807108a6ea9.mp3,X3XCBSR6
de6ed813d08d2e3a32a99d4f0e73dddb387eaaab.mp3,1A7V9UYJ
deb797e63911a36ae32048ddd2a92ec5de3da377.mp3,CXDBHH62
df3035197c8016ccd262900e71f49d94cda19bb5.mp3,G5MCNKE8
df36864c801b5f9ff221a6ebe119f8436181bd96.mp3,WKWNNRAI
df5db0edde8eac5e262423cfde21ca49b1562229.mp3,ZUHVNHAE
df6936c9f8fefeebf2fe83da4142ffd1adafe0ff.mp3,1OS6YQVK
dfe3104f97890dd39073aa46e131986523ce52a2.mp3,14OPJQYZ
dff14abd578fcf067ac07b20ed4243bd8a5edb1c.mp3,LI8AT4M5
e00bb332eb996d9ed6be34e860449fc34704002b.mp3,EJF5Y69X
e028341fe722a6a3124578a1e63e9a5fba949552.mp3,Y2M1GKSU
e0dadb216948654763fd367af676318181ca8b5e.mp3,EPJTR2JZ
e0dd189d2cbca47c91ee401ef184df66ab12baf5.mp3,XLCOR27S
e0ff7824af48054de9a48bb7e803b485066954c6.mp3,5TNO5KHT
e1149e9957dff8dc9df99b5a67e06694ba888dfb.mp3,8N2L2G8G
e19efbe51917bb8abadcca3f1449488b91262705.mp3,P5A6L21F
e1b719c03c30e73cde5ba5df1db3315c5e83312b.mp3,DGI1CP4H
e1bbb6b2c4be3a4a206c0d2814fd32784f722a33.mp3,EI4PNDBG
e209bc596fd677dfbe80d422801c2858796a80c7.mp3,S29O8880
e2392b8b717cc90ecec66ea39c46709dab4cf3f3.mp3,YGWNIMSN
e2922ecbee1dcd54acfd35a8b872609880788404.mp3,MGBCZWL0
e2b58bbd8a2eaa4143de581a6d82e8f067949947.mp3,GB69ZQPV
e3277d7ca1858959f77816eb4dee520de608bd45.mp3,ILQY5MK9
e40d454fc66211ff388326e3cf48f9d5c3ab30f0.mp3,OVHKN41V
e4171300fddfa2dd2e357478b2408f826802b19d.mp3,Z1EMT5VL
e47da76cda48bc95d309c103f4c2b329bead35f3.mp3,L33C847T
e48d71dd7251ae0d6a7e6d973df090f363bbdcaa.mp3,YDEM598S
e4c77c08bfdac44117cd78b0d8c029f92353960e.mp3,L56EWOO1
e4d93d2d0ba59296e3c38a1d10f1860760c89b59.mp3,44FJHTSI
e562168239f2c4bff01eca4d9d29e62a186ecb8b.mp3,I70EK4TU
e58aaf0a130b4f7f2ecdac60eae3d7de9111a940.mp3,8L1LFJ3E
e5a7fd455223760d9f49532a14a0aef312e5dea4.mp3,VI8Z3FWK
e65cc639d8afe6592f05cdb1643261e92dbac7fd.mp3,HXGZBLUM
e6b66e7d359d5bba39455874399c7375ece19507.mp3,9NS1RF3H
e70c19064100ae5114105ce43d231106b0f09c4a.mp3,37BVOBUO
e7a471491dfcc69a00076cf5579587ee995c2495.mp3,JL9F2X4T
e7a8b8e7a5c838827bd8eeb5756788329ef974a5.mp3,UVKQYPH8
e7ee7ede7b0fc80a5650e82231faa6f330bdd274.mp3,H3LDBNR7
e8c7d67a5d3823f71429ef1f75eac6d65c063a55.mp3,KZU11YQY
e8ed6ca597b4a967bc701e1a6b085a348fb14d52.mp3,GXJSFHHA
e9338131ac69847478085d9c231bb8af0f4e9ad4.mp3,N0GCM7E1
e939fe9bc79054c560f7055bf71b5586ef95b5da.mp3,L8Z5TJ17
e94656d4868cb2f223ce2661573609b900e17f95.mp3,H9B95EZH
e9ac8cb34b7d984e449a4531dfd256d27a1cba89.mp3,0S4B3TPA
e9b46a44d428a3ce67570e4dbba815b31389bc67.mp3,00UDV0V9
e9ca3e6e35f5d3aaa6f51c9bede7f37e465062a0.mp3,ARUQ9D8T
e9d6966218fac8933a1cfa64fb19f66e3d2f1be4.mp3,EY89LYKO
ea6b34625414e0f8c3fca88f70ab44dd2a869e5a.mp3,GSFVBU9F
ea8373c1fa286e2553b783bb10e63f3953998e89.mp3,20ZOYFWI
ea83d8de310cd4fca6090f7eaa2f6162ac966542.mp3,E7A417AL
ea8572d269cb0f62673d3f1f56e33cbff1380194.mp3,D5I767IA
ea8a05a159983aae4af8b303cb523acbf887668b.mp3,7LU2FBR7
eac27ae18d895fe132136a9a524dea8942fbe285.mp3,3FRQDFXW
eac7a9297093e91806d3aeb43aec7580779fd3ba.mp3,QVHXGZ0O
ec1537f259155271447ee7210e24887be0ca3e02.mp3,1KG41I5Y
ec1b07ffaf9e0fd94b46c104809e154687e3b4a8.mp3,WWLGYMVB
eceb8a716afdf3597d8217a04451dc8565c531ee.mp3,QW8FW6GC
ecef29dc24b1ad308bc39fe76e09f17aebde8694.mp3,5ZKEH3BF
ed8268ba69b7c2f89686fb389eef6c41fdc5f23e.mp3,HLBJF5UL
eded2cf245426126b7de072dd2e4338464985257.mp3,HI1O1PL9
ee6eeb074517733eeed3ee502f1f7eefc0121a49.mp3,ZMNENBRL
ee6fbf9542c46b1f726d6dcd98260660231d1e3c.mp3,P0VVA34K
eea6c9f868715eacd48886f9f4cb8b0aaf920b59.mp3,JDQ5ST85
eeabd0b6fa671f025d69cbb0cdf824b2c2cc3ecd.mp3,G4SCIZA8
eed8f0b16373ae560d718da3f1b7adebbabbe35a.mp3,EVZN1PR9
ef8e84059a33f531c41b66c661cab93f85f7759e.mp3,DCKC5W8H
ef9e64ed55eabcc12988301b6940db70516856af.mp3,13810Z30
f017ea6e2219a1426ec7e55e89d7f73fbd8ac6fa.mp3,JBXJRQGD
f022a172164ed11531cfc882aec0a851a7885519.mp3,6DT8QD0V
f04155065a625ce775beb56964e339ba452aafd7.mp3,LZY2CCYP
f043fd1e1a64f55c4f450248ac8214666fed79a0.mp3,DK5DWS0H
f0476cf1de9f5ef8e38fd159f5e796633a8df050.mp3,8PG970V2
f04a204e5c02ceb04a526232d75480cd6af3fc30.mp3,CAEY0VO4
f1a6e3183d0ec274358a01087bffb5d5e7b06f53.mp3,1LW6GHJ4
f1d7fc770894b8fef85535b711d3c9c55876207f.mp3,7TM3VQU0
f1f0412a9c12da8fb586ec7519d357382682b5d6.mp3,1T75XO9I
f227fffcb16688b1fbb23e0fffcb3854016e73ec.mp3,DVE67IU0
f23c869e15559cd249dc42bc161a44dba334c8d9.mp3,M969XBSO
f24b4f56a41e6c0e943d18dc171d3088bfcb048d.mp3,QO4PWMX0
f28b0633336dd5da6d4000bb77a8e6d60710e182.mp3,RE4OGN2B
f2a9817aabac3f7678c8724d9d5df10477fac38d.mp3,UW11VG5R
f2ba13e0a81e5f334322c8652d712f4b85d5ce65.mp3,3T8OH315
f372e17bf0a83d74111ca9733581ebb477d766fe.mp3,CVZ566LK
f375239c86f1624fcaa3964d86d155e3e4b5c2b5.mp3,ANC7K1LD
f378466462ba253e6482685d4c92c49d04d0ed74.mp3,XK0QRSDC
f446c4a1c6b5e8d8a9bf87341fd036f8a8153c77.mp3,EHPHYM9U
f48b906dbb5953b1b81f6e1801f95c2e5d2233eb.mp3,SRNTMYX1
f4c8e1dd10c1f0d25043412b3980908c2d12a9e2.mp3,B1T4BMF6
f5353ee540d03966b9776fb46de01d026cbad1d4.mp3,YLL8B69P
f5a28c47c5e603964c29b8ce5bd6aa362a7ff547.mp3,SBB71JTF
f5f580f261f63645490caf8d3648b623c467767a.mp3,FON3MMN3
f6142efa7cb07ca032c4a9a07ad2379e8138af1f.mp3,H4H1Y671
f6e8465140ddecc96dfa1aa8e1366d4966193219.mp3,XWFX9BI9
f7c0698e1cecfba1ba67c541020ecdb05d27aa6c.mp3,FW2ZFGWO
f8faf11512ed7bac801eddf0937c728b60bc9e30.mp3,WELBLL08
fab4e2e213d41b7db8a6e52f71028c168178bb87.mp3,BHI2KPRQ
fb0dd5fa574c75fb219912341b0fe539973d3604.mp3,42U5NU9J
fdd77f2e6e1f2af5a59e68889367308670fdb5ba.mp3,W7TTC1I4
fdff8c29f8d8e789ff679d36ef7803642bbee6d1.mp3,680PID9U
fe0bd21a17993a42f5c584e506605c3acf108011.mp3,HM0CYCW7
fe621d4942ae6fe4e7553184ba66c271fd32d20f.mp3,Y61JZO0U
fea3fa7f25009f9932a780fd33b4784f38c643c2.mp3,8PIXQDTH
fed02c09abc1afb0c290b5f4147952e363dade32.mp3,BBMWOXL8
fee67adcac2085b2098a5f83d8c16a3e46457385.mp3,U3OPBKY2
fef3070178505a8f68199d348d92e8a6e169e6d1.mp3,WU3I1C2P
ff8795acb78539f3897920afbb5da7ff92675e52.mp3,1WQW35XY
ffb9cc5d8f75d309798083bbc1405b0d3d1598f0.mp3,9VDNRXI5